Neutrino Energy (GeV),Propagation Distance (km),Mixing Angle Theta,sin²(2θ),Mass-Squared Difference (eV^2),Shots Used,Number of Trials,Simulation Time Points,Analytical Time Points,Using Real QPU,Analytical Time Points,Analytical Electron,Analytical Muon,Analytical Electron Sim Time-Matched,Analytical Muon Sim Time-Matched,Time Points in Simulation,Simulation Electron Median,Electron Lower Error,Electron Upper Error,Simulation Muon Median,Muon Lower Error,Muon Upper Error,Trial 1: Electron Probabilities,Trial 1: Muon Probabilities,Trial 2: Electron Probabilities,Trial 2: Muon Probabilities,Trial 3: Electron Probabilities,Trial 3: Muon Probabilities,Trial 4: Electron Probabilities,Trial 4: Muon Probabilities,Trial 5: Electron Probabilities,Trial 5: Muon Probabilities,Trial 6: Electron Probabilities,Trial 6: Muon Probabilities,Trial 7: Electron Probabilities,Trial 7: Muon Probabilities,Trial 8: Electron Probabilities,Trial 8: Muon Probabilities,Trial 9: Electron Probabilities,Trial 9: Muon Probabilities,Trial 10: Electron Probabilities,Trial 10: Muon Probabilities
1.0,1000.0,0.55,0.7943,0.003,1000.0,10.0,10.0,1000.0,True,0.0,1.0,0.0,1.0,0.0,0.0,0.962,0.004750000000000032,0.0007500000000000284,0.038,0.0007500000000000007,0.004749999999999997,0.941,0.059,0.963,0.037,0.966,0.034,0.962,0.038,0.962,0.038,0.956,0.044,0.957,0.043,0.962,0.038,0.958,0.042,0.981,0.019
,,,,,,,,,,1.001001001001001,0.9999884468228715,1.1553177128559197e-05,0.8659554184112985,0.13404458158870142,111.11111111111111,0.8445,0.010250000000000092,0.005249999999999977,0.1555,0.005250000000000005,0.010250000000000009,0.86,0.14,0.849,0.151,0.85,0.15,0.857,0.143,0.846,0.154,0.843,0.157,0.823,0.177,0.834,0.166,0.835,0.165,0.834,0.166
,,,,,,,,,,2.002002002002002,0.9999537879636545,4.621203634552591e-05,0.5543061246248747,0.4456938753751253,222.22222222222223,0.5415000000000001,0.004250000000000087,0.011249999999999982,0.4585,0.011249999999999982,0.004249999999999976,0.552,0.448,0.537,0.463,0.514,0.486,0.555,0.445,0.553,0.447,0.538,0.462,0.543,0.457,0.54,0.46,0.534,0.466,0.586,0.414
,,,,,,,,,,3.0030030030030033,0.9998960254388162,0.00010397456118387453,0.27542552510184115,0.7245744748981588,333.33333333333337,0.2845,0.00649999999999995,0.005500000000000005,0.7155,0.00550000000000006,0.00649999999999995,0.281,0.719,0.265,0.735,0.283,0.717,0.286,0.714,0.272,0.728,0.303,0.697,0.313,0.687,0.277,0.723,0.29,0.71,0.29,0.71
,,,,,,,,,,4.004004004004004,0.9998151626090044,0.0001848373909955837,0.21756709221420467,0.7824329077857953,444.44444444444446,0.23149999999999998,0.009999999999999981,0.01125000000000001,0.7685,0.011249999999999982,0.010000000000000009,0.223,0.777,0.221,0.779,0.267,0.733,0.242,0.758,0.237,0.763,0.211,0.789,0.243,0.757,0.226,0.774,0.251,0.749,0.197,0.803
,,,,,,,,,,5.005005005005005,0.9997112041788528,0.00028879582114716,0.4197871494055064,0.5802128505944937,555.5555555555555,0.424,0.013749999999999984,0.008250000000000035,0.576,0.00824999999999998,0.01375000000000004,0.407,0.593,0.443,0.557,0.422,0.578,0.427,0.573,0.434,0.566,0.443,0.557,0.408,0.592,0.426,0.574,0.417,0.583,0.404,0.596
,,,,,,,,,,6.0060060060060065,0.9995841561967066,0.000415843803293356,0.7455805829653034,0.2544194170346966,666.6666666666667,0.7255,0.017750000000000044,0.010249999999999981,0.2745,0.010250000000000037,0.017749999999999988,0.699,0.301,0.723,0.277,0.704,0.296,0.719,0.281,0.744,0.256,0.732,0.268,0.737,0.263,0.728,0.272,0.702,0.298,0.748,0.252
,,,,,,,,,,7.007007007007008,0.9994340260542709,0.0005659739457290647,0.975026232194265,0.024973767805735035,777.7777777777778,0.9339999999999999,0.013499999999999845,0.008000000000000007,0.066,0.008,0.013499999999999998,0.944,0.056,0.928,0.072,0.915,0.085,0.942,0.058,0.918,0.082,0.925,0.075,0.946,0.054,0.919,0.081,0.942,0.058,0.94,0.06
,,,,,,,,,,8.008008008008009,0.9992608224861806,0.0007391775138193734,0.9532408235270183,0.046759176472981716,888.8888888888889,0.919,0.007750000000000035,0.006000000000000005,0.081,0.006000000000000005,0.007749999999999993,0.925,0.075,0.925,0.075,0.907,0.093,0.922,0.078,0.909,0.091,0.931,0.069,0.916,0.084,0.91,0.09,0.915,0.085,0.933,0.067
,,,,,,,,,,9.00900900900901,0.9990645555694923,0.0009354444305077465,0.6949302161580232,0.3050697838419768,1000.0,0.6805000000000001,0.0050000000000001155,0.006999999999999895,0.3195,0.007000000000000006,0.0050000000000000044,0.686,0.314,0.658,0.342,0.674,0.326,0.684,0.316,0.677,0.323,0.688,0.312,0.677,0.323,0.692,0.308,0.714,0.286,0.675,0.325
,,,,,,,,,,10.01001001001001,0.9988452367230977,0.0011547632769023143,,,,,,,,,,,,,,,,,,,,,,,,,,,,,
,,,,,,,,,,11.011011011011012,0.9986028787070598,0.00139712129294023,,,,,,,,,,,,,,,,,,,,,,,,,,,,,
,,,,,,,,,,12.012012012012013,0.9983374956218699,0.0016625043781300524,,,,,,,,,,,,,,,,,,,,,,,,,,,,,
,,,,,,,,,,13.013013013013014,0.9980491029076278,0.0019508970923721206,,,,,,,,,,,,,,,,,,,,,,,,,,,,,
,,,,,,,,,,14.014014014014016,0.9977377173431431,0.0022622826568568653,,,,,,,,,,,,,,,,,,,,,,,,,,,,,
,,,,,,,,,,15.015015015015017,0.997403357044959,0.0025966429550410073,,,,,,,,,,,,,,,,,,,,,,,,,,,,,
,,,,,,,,,,16.016016016016017,0.9970460414662984,0.0029539585337015842,,,,,,,,,,,,,,,,,,,,,,,,,,,,,
,,,,,,,,,,17.017017017017018,0.9966657913959323,0.0033342086040677463,,,,,,,,,,,,,,,,,,,,,,,,,,,,,
,,,,,,,,,,18.01801801801802,0.9962626289569697,0.0037373710430302653,,,,,,,,,,,,,,,,,,,,,,,,,,,,,
,,,,,,,,,,19.01901901901902,0.9958365776055713,0.0041634223944286486,,,,,,,,,,,,,,,,,,,,,,,,,,,,,
,,,,,,,,,,20.02002002002002,0.9953876621295842,0.004612337870415844,,,,,,,,,,,,,,,,,,,,,,,,,,,,,
,,,,,,,,,,21.021021021021024,0.9949159086470996,0.005084091352900403,,,,,,,,,,,,,,,,,,,,,,,,,,,,,
,,,,,,,,,,22.022022022022025,0.9944213446049339,0.005578655395066035,,,,,,,,,,,,,,,,,,,,,,,,,,,,,
,,,,,,,,,,23.023023023023026,0.9939039987770315,0.0060960012229684885,,,,,,,,,,,,,,,,,,,,,,,,,,,,,
,,,,,,,,,,24.024024024024026,0.9933639012627904,0.0066360987372096145,,,,,,,,,,,,,,,,,,,,,,,,,,,,,
,,,,,,,,,,25.025025025025027,0.9928010834853114,0.007198916514688578,,,,,,,,,,,,,,,,,,,,,,,,,,,,,
,,,,,,,,,,26.026026026026027,0.99221557818957,0.0077844218104300604,,,,,,,,,,,,,,,,,,,,,,,,,,,,,
,,,,,,,,,,27.027027027027028,0.9916074194405107,0.008392580559489372,,,,,,,,,,,,,,,,,,,,,,,,,,,,,
,,,,,,,,,,28.028028028028032,0.9909766426210657,0.009023357378934373,,,,,,,,,,,,,,,,,,,,,,,,,,,,,
,,,,,,,,,,29.029029029029033,0.990323284430096,0.009676715569904057,,,,,,,,,,,,,,,,,,,,,,,,,,,,,
,,,,,,,,,,30.030030030030034,0.9896473828802563,0.010352617119743715,,,,,,,,,,,,,,,,,,,,,,,,,,,,,
,,,,,,,,,,31.031031031031034,0.9889489772957835,0.01105102270421653,,,,,,,,,,,,,,,,,,,,,,,,,,,,,
,,,,,,,,,,32.032032032032035,0.9882281083102086,0.011771891689791463,,,,,,,,,,,,,,,,,,,,,,,,,,,,,
,,,,,,,,,,33.033033033033036,0.9874848178639927,0.012515182136007351,,,,,,,,,,,,,,,,,,,,,,,,,,,,,
,,,,,,,,,,34.034034034034036,0.986719149202087,0.013280850797912993,,,,,,,,,,,,,,,,,,,,,,,,,,,,,
,,,,,,,,,,35.03503503503504,0.9859311468714168,0.014068853128583194,,,,,,,,,,,,,,,,,,,,,,,,,,,,,
,,,,,,,,,,36.03603603603604,0.9851208567182895,0.014879143281710486,,,,,,,,,,,,,,,,,,,,,,,,,,,,,
,,,,,,,,,,37.03703703703704,0.9842883258857275,0.0157116741142725,,,,,,,,,,,,,,,,,,,,,,,,,,,,,
,,,,,,,,,,38.03803803803804,0.9834336028107252,0.01656639718927481,,,,,,,,,,,,,,,,,,,,,,,,,,,,,
,,,,,,,,,,39.03903903903904,0.9825567372214311,0.017443262778568936,,,,,,,,,,,,,,,,,,,,,,,,,,,,,
,,,,,,,,,,40.04004004004004,0.9816577801342544,0.0183422198657456,,,,,,,,,,,,,,,,,,,,,,,,,,,,,
,,,,,,,,,,41.04104104104105,0.9807367838508971,0.019263216149102896,,,,,,,,,,,,,,,,,,,,,,,,,,,,,
,,,,,,,,,,42.04204204204205,0.9797938019553109,0.020206198044689178,,,,,,,,,,,,,,,,,,,,,,,,,,,,,
,,,,,,,,,,43.04304304304305,0.9788288893105793,0.021171110689420628,,,,,,,,,,,,,,,,,,,,,,,,,,,,,
,,,,,,,,,,44.04404404404405,0.9778421020557267,0.022157897944273208,,,,,,,,,,,,,,,,,,,,,,,,,,,,,
,,,,,,,,,,45.04504504504505,0.9768334976024511,0.02316650239754886,,,,,,,,,,,,,,,,,,,,,,,,,,,,,
,,,,,,,,,,46.04604604604605,0.9758031346317843,0.02419686536821572,,,,,,,,,,,,,,,,,,,,,,,,,,,,,
,,,,,,,,,,47.04704704704705,0.9747510730906778,0.025248926909322213,,,,,,,,,,,,,,,,,,,,,,,,,,,,,
,,,,,,,,,,48.04804804804805,0.9736773741885152,0.026322625811484833,,,,,,,,,,,,,,,,,,,,,,,,,,,,,
,,,,,,,,,,49.04904904904905,0.9725821003935508,0.027417899606449258,,,,,,,,,,,,,,,,,,,,,,,,,,,,,
,,,,,,,,,,50.050050050050054,0.9714653154292752,0.028534684570724823,,,,,,,,,,,,,,,,,,,,,,,,,,,,,
,,,,,,,,,,51.051051051051054,0.970327084270708,0.029672915729291996,,,,,,,,,,,,,,,,,,,,,,,,,,,,,
,,,,,,,,,,52.052052052052055,0.9691674731406174,0.030832526859382595,,,,,,,,,,,,,,,,,,,,,,,,,,,,,
,,,,,,,,,,53.053053053053056,0.9679865495056673,0.03201345049433271,,,,,,,,,,,,,,,,,,,,,,,,,,,,,
,,,,,,,,,,54.054054054054056,0.9667843820724921,0.03321561792750794,,,,,,,,,,,,,,,,,,,,,,,,,,,,,
,,,,,,,,,,55.05505505505506,0.9655610407836993,0.034438959216300725,,,,,,,,,,,,,,,,,,,,,,,,,,,,,
,,,,,,,,,,56.056056056056065,0.9643165968138003,0.035683403186199676,,,,,,,,,,,,,,,,,,,,,,,,,,,,,
,,,,,,,,,,57.057057057057065,0.9630511225650694,0.036948877434930555,,,,,,,,,,,,,,,,,,,,,,,,,,,,,
,,,,,,,,,,58.058058058058066,0.9617646916633313,0.038235308336668605,,,,,,,,,,,,,,,,,,,,,,,,,,,,,
,,,,,,,,,,59.05905905905907,0.9604573789536778,0.039542621046322196,,,,,,,,,,,,,,,,,,,,,,,,,,,,,
,,,,,,,,,,60.06006006006007,0.9591292604961127,0.0408707395038873,,,,,,,,,,,,,,,,,,,,,,,,,,,,,
,,,,,,,,,,61.06106106106107,0.9577804135611272,0.042219586438872754,,,,,,,,,,,,,,,,,,,,,,,,,,,,,
,,,,,,,,,,62.06206206206207,0.9564109166252042,0.04358908337479583,,,,,,,,,,,,,,,,,,,,,,,,,,,,,
,,,,,,,,,,63.06306306306307,0.955020849366252,0.04497915063374799,,,,,,,,,,,,,,,,,,,,,,,,,,,,,
,,,,,,,,,,64.06406406406407,0.9536102926589692,0.046389707341030734,,,,,,,,,,,,,,,,,,,,,,,,,,,,,
,,,,,,,,,,65.06506506506507,0.9521793285701392,0.04782067142986078,,,,,,,,,,,,,,,,,,,,,,,,,,,,,
,,,,,,,,,,66.06606606606607,0.9507280403538552,0.04927195964614479,,,,,,,,,,,,,,,,,,,,,,,,,,,,,
,,,,,,,,,,67.06706706706707,0.9492565124466769,0.050743487553323134,,,,,,,,,,,,,,,,,,,,,,,,,,,,,
,,,,,,,,,,68.06806806806807,0.9477648304627175,0.05223516953728246,,,,,,,,,,,,,,,,,,,,,,,,,,,,,
,,,,,,,,,,69.06906906906907,0.9462530811886632,0.053746918811336745,,,,,,,,,,,,,,,,,,,,,,,,,,,,,
,,,,,,,,,,70.07007007007007,0.9447213525787235,0.05527864742127653,,,,,,,,,,,,,,,,,,,,,,,,,,,,,
,,,,,,,,,,71.07107107107107,0.9431697337495137,0.056830266250486206,,,,,,,,,,,,,,,,,,,,,,,,,,,,,
,,,,,,,,,,72.07207207207207,0.9415983149748711,0.05840168502512886,,,,,,,,,,,,,,,,,,,,,,,,,,,,,
,,,,,,,,,,73.07307307307308,0.9400071876806015,0.0599928123193984,,,,,,,,,,,,,,,,,,,,,,,,,,,,,
,,,,,,,,,,74.07407407407408,0.9383964444391613,0.061603555560838706,,,,,,,,,,,,,,,,,,,,,,,,,,,,,
,,,,,,,,,,75.07507507507508,0.9367661789642703,0.06323382103572972,,,,,,,,,,,,,,,,,,,,,,,,,,,,,
,,,,,,,,,,76.07607607607608,0.9351164861054606,0.06488351389453945,,,,,,,,,,,,,,,,,,,,,,,,,,,,,
,,,,,,,,,,77.07707707707708,0.9334474618425573,0.06655253815744262,,,,,,,,,,,,,,,,,,,,,,,,,,,,,
,,,,,,,,,,78.07807807807808,0.9317592032800952,0.0682407967199048,,,,,,,,,,,,,,,,,,,,,,,,,,,,,
,,,,,,,,,,79.07907907907908,0.9300518086416683,0.06994819135833175,,,,,,,,,,,,,,,,,,,,,,,,,,,,,
,,,,,,,,,,80.08008008008008,0.9283253772642157,0.07167462273578433,,,,,,,,,,,,,,,,,,,,,,,,,,,,,
,,,,,,,,,,81.0810810810811,0.926580009592242,0.07341999040775804,,,,,,,,,,,,,,,,,,,,,,,,,,,,,
,,,,,,,,,,82.0820820820821,0.9248158071719734,0.07518419282802655,,,,,,,,,,,,,,,,,,,,,,,,,,,,,
,,,,,,,,,,83.0830830830831,0.9230328726454499,0.07696712735455014,,,,,,,,,,,,,,,,,,,,,,,,,,,,,
,,,,,,,,,,84.0840840840841,0.9212313097445529,0.07876869025544712,,,,,,,,,,,,,,,,,,,,,,,,,,,,,
,,,,,,,,,,85.0850850850851,0.9194112232849707,0.08058877671502927,,,,,,,,,,,,,,,,,,,,,,,,,,,,,
,,,,,,,,,,86.0860860860861,0.9175727191601002,0.08242728083989981,,,,,,,,,,,,,,,,,,,,,,,,,,,,,
,,,,,,,,,,87.0870870870871,0.9157159043348855,0.0842840956651145,,,,,,,,,,,,,,,,,,,,,,,,,,,,,
,,,,,,,,,,88.0880880880881,0.9138408868395952,0.0861591131604048,,,,,,,,,,,,,,,,,,,,,,,,,,,,,
,,,,,,,,,,89.0890890890891,0.9119477757635368,0.08805222423646321,,,,,,,,,,,,,,,,,,,,,,,,,,,,,
,,,,,,,,,,90.0900900900901,0.91003668124871,0.08996331875129006,,,,,,,,,,,,,,,,,,,,,,,,,,,,,
,,,,,,,,,,91.0910910910911,0.9081077144833984,0.0918922855166016,,,,,,,,,,,,,,,,,,,,,,,,,,,,,
,,,,,,,,,,92.0920920920921,0.9061609876957009,0.09383901230429909,,,,,,,,,,,,,,,,,,,,,,,,,,,,,
,,,,,,,,,,93.0930930930931,0.9041966141470019,0.09580338585299812,,,,,,,,,,,,,,,,,,,,,,,,,,,,,
,,,,,,,,,,94.0940940940941,0.9022147081253816,0.09778529187461836,,,,,,,,,,,,,,,,,,,,,,,,,,,,,
,,,,,,,,,,95.0950950950951,0.9002153849389671,0.09978461506103285,,,,,,,,,,,,,,,,,,,,,,,,,,,,,
,,,,,,,,,,96.0960960960961,0.8981987609092235,0.1018012390907766,,,,,,,,,,,,,,,,,,,,,,,,,,,,,
,,,,,,,,,,97.0970970970971,0.8961649533641859,0.10383504663581415,,,,,,,,,,,,,,,,,,,,,,,,,,,,,
,,,,,,,,,,98.0980980980981,0.8941140806316338,0.10588591936836621,,,,,,,,,,,,,,,,,,,,,,,,,,,,,
,,,,,,,,,,99.0990990990991,0.8920462620322067,0.10795373796779328,,,,,,,,,,,,,,,,,,,,,,,,,,,,,
,,,,,,,,,,100.10010010010011,0.8899616178724614,0.11003838212753855,,,,,,,,,,,,,,,,,,,,,,,,,,,,,
,,,,,,,,,,101.10110110110111,0.8878602694378732,0.11213973056212682,,,,,,,,,,,,,,,,,,,,,,,,,,,,,
,,,,,,,,,,102.10210210210211,0.8857423389857788,0.11425766101422113,,,,,,,,,,,,,,,,,,,,,,,,,,,,,
,,,,,,,,,,103.10310310310311,0.8836079497382641,0.11639205026173594,,,,,,,,,,,,,,,,,,,,,,,,,,,,,
,,,,,,,,,,104.10410410410411,0.8814572258749941,0.1185427741250059,,,,,,,,,,,,,,,,,,,,,,,,,,,,,
,,,,,,,,,,105.10510510510511,0.8792902925259891,0.12070970747401083,,,,,,,,,,,,,,,,,,,,,,,,,,,,,
,,,,,,,,,,106.10610610610611,0.8771072757643441,0.12289272423565593,,,,,,,,,,,,,,,,,,,,,,,,,,,,,
,,,,,,,,,,107.10710710710711,0.8749083025988933,0.1250916974011067,,,,,,,,,,,,,,,,,,,,,,,,,,,,,
,,,,,,,,,,108.10810810810811,0.8726935009668217,0.12730649903317826,,,,,,,,,,,,,,,,,,,,,,,,,,,,,
,,,,,,,,,,109.10910910910911,0.8704629997262212,0.12953700027377882,,,,,,,,,,,,,,,,,,,,,,,,,,,,,
,,,,,,,,,,110.11011011011011,0.868216928648593,0.13178307135140696,,,,,,,,,,,,,,,,,,,,,,,,,,,,,
,,,,,,,,,,111.11111111111111,0.8659554184112985,0.13404458158870142,,,,,,,,,,,,,,,,,,,,,,,,,,,,,
,,,,,,,,,,112.11211211211213,0.8636786005899558,0.13632139941004418,,,,,,,,,,,,,,,,,,,,,,,,,,,,,
,,,,,,,,,,113.11311311311313,0.8613866076507845,0.13861339234921552,,,,,,,,,,,,,,,,,,,,,,,,,,,,,
,,,,,,,,,,114.11411411411413,0.859079572942899,0.14092042705710095,,,,,,,,,,,,,,,,,,,,,,,,,,,,,
,,,,,,,,,,115.11511511511513,0.8567576306905503,0.14324236930944964,,,,,,,,,,,,,,,,,,,,,,,,,,,,,
,,,,,,,,,,116.11611611611613,0.8544209159853167,0.14557908401468336,,,,,,,,,,,,,,,,,,,,,,,,,,,,,
,,,,,,,,,,117.11711711711713,0.8520695647782434,0.1479304352217566,,,,,,,,,,,,,,,,,,,,,,,,,,,,,
,,,,,,,,,,118.11811811811813,0.8497037138719341,0.15029628612806584,,,,,,,,,,,,,,,,,,,,,,,,,,,,,
,,,,,,,,,,119.11911911911913,0.847323500912591,0.15267649908740893,,,,,,,,,,,,,,,,,,,,,,,,,,,,,
,,,,,,,,,,120.12012012012013,0.8449290643820064,0.15507093561799354,,,,,,,,,,,,,,,,,,,,,,,,,,,,,
,,,,,,,,,,121.12112112112113,0.842520543589506,0.15747945641049396,,,,,,,,,,,,,,,,,,,,,,,,,,,,,
,,,,,,,,,,122.12212212212214,0.840098078663844,0.15990192133615602,,,,,,,,,,,,,,,,,,,,,,,,,,,,,
,,,,,,,,,,123.12312312312314,0.8376618105450497,0.16233818945495024,,,,,,,,,,,,,,,,,,,,,,,,,,,,,
,,,,,,,,,,124.12412412412414,0.8352118809762286,0.16478811902377147,,,,,,,,,,,,,,,,,,,,,,,,,,,,,
,,,,,,,,,,125.12512512512514,0.8327484324953145,0.1672515675046855,,,,,,,,,,,,,,,,,,,,,,,,,,,,,
,,,,,,,,,,126.12612612612614,0.8302716084267776,0.1697283915732224,,,,,,,,,,,,,,,,,,,,,,,,,,,,,
,,,,,,,,,,127.12712712712714,0.8277815528732854,0.17221844712671466,,,,,,,,,,,,,,,,,,,,,,,,,,,,,
,,,,,,,,,,128.12812812812814,0.8252784107073184,0.17472158929268153,,,,,,,,,,,,,,,,,,,,,,,,,,,,,
,,,,,,,,,,129.12912912912915,0.8227623275627424,0.1772376724372576,,,,,,,,,,,,,,,,,,,,,,,,,,,,,
,,,,,,,,,,130.13013013013014,0.8202334498263341,0.17976655017366597,,,,,,,,,,,,,,,,,,,,,,,,,,,,,
,,,,,,,,,,131.13113113113116,0.8176919246292652,0.18230807537073482,,,,,,,,,,,,,,,,,,,,,,,,,,,,,
,,,,,,,,,,132.13213213213214,0.8151378998385422,0.1848621001614578,,,,,,,,,,,,,,,,,,,,,,,,,,,,,
,,,,,,,,,,133.13313313313316,0.8125715240484028,0.18742847595159715,,,,,,,,,,,,,,,,,,,,,,,,,,,,,
,,,,,,,,,,134.13413413413414,0.8099929465716716,0.19000705342832838,,,,,,,,,,,,,,,,,,,,,,,,,,,,,
,,,,,,,,,,135.13513513513516,0.8074023174310719,0.1925976825689281,,,,,,,,,,,,,,,,,,,,,,,,,,,,,
,,,,,,,,,,136.13613613613614,0.8047997873504983,0.19520021264950174,,,,,,,,,,,,,,,,,,,,,,,,,,,,,
,,,,,,,,,,137.13713713713716,0.8021855077462465,0.19781449225375344,,,,,,,,,,,,,,,,,,,,,,,,,,,,,
,,,,,,,,,,138.13813813813815,0.7995596307182053,0.2004403692817946,,,,,,,,,,,,,,,,,,,,,,,,,,,,,
,,,,,,,,,,139.13913913913916,0.7969223090410062,0.2030776909589938,,,,,,,,,,,,,,,,,,,,,,,,,,,,,
,,,,,,,,,,140.14014014014015,0.7942736961551347,0.2057263038448654,,,,,,,,,,,,,,,,,,,,,,,,,,,,,
,,,,,,,,,,141.14114114114116,0.791613946158004,0.20838605384199607,,,,,,,,,,,,,,,,,,,,,,,,,,,,,
,,,,,,,,,,142.14214214214215,0.7889432137949891,0.21105678620501087,,,,,,,,,,,,,,,,,,,,,,,,,,,,,
,,,,,,,,,,143.14314314314316,0.7862616544504236,0.2137383455495764,,,,,,,,,,,,,,,,,,,,,,,,,,,,,
,,,,,,,,,,144.14414414414415,0.7835694241385597,0.2164305758614403,,,,,,,,,,,,,,,,,,,,,,,,,,,,,
,,,,,,,,,,145.14514514514516,0.7808666794944906,0.21913332050550938,,,,,,,,,,,,,,,,,,,,,,,,,,,,,
,,,,,,,,,,146.14614614614615,0.7781535777650379,0.22184642223496207,,,,,,,,,,,,,,,,,,,,,,,,,,,,,
,,,,,,,,,,147.14714714714717,0.775430276799603,0.22456972320039706,,,,,,,,,,,,,,,,,,,,,,,,,,,,,
,,,,,,,,,,148.14814814814815,0.7726969350409828,0.22730306495901723,,,,,,,,,,,,,,,,,,,,,,,,,,,,,
,,,,,,,,,,149.14914914914917,0.7699537115161518,0.23004628848384825,,,,,,,,,,,,,,,,,,,,,,,,,,,,,
,,,,,,,,,,150.15015015015015,0.7672007658270104,0.23279923417298962,,,,,,,,,,,,,,,,,,,,,,,,,,,,,
,,,,,,,,,,151.15115115115117,0.7644382581410978,0.23556174185890222,,,,,,,,,,,,,,,,,,,,,,,,,,,,,
,,,,,,,,,,152.15215215215215,0.7616663491822748,0.2383336508177252,,,,,,,,,,,,,,,,,,,,,,,,,,,,,
,,,,,,,,,,153.15315315315317,0.7588852002213718,0.24111479977862815,,,,,,,,,,,,,,,,,,,,,,,,,,,,,
,,,,,,,,,,154.15415415415416,0.7560949730668068,0.24390502693319313,,,,,,,,,,,,,,,,,,,,,,,,,,,,,
,,,,,,,,,,155.15515515515517,0.7532958300551706,0.2467041699448294,,,,,,,,,,,,,,,,,,,,,,,,,,,,,
,,,,,,,,,,156.15615615615616,0.7504879340417826,0.2495120659582174,,,,,,,,,,,,,,,,,,,,,,,,,,,,,
,,,,,,,,,,157.15715715715717,0.7476714483912152,0.2523285516087847,,,,,,,,,,,,,,,,,,,,,,,,,,,,,
,,,,,,,,,,158.15815815815816,0.74484653696779,0.25515346303221,,,,,,,,,,,,,,,,,,,,,,,,,,,,,
,,,,,,,,,,159.15915915915917,0.7420133641260429,0.2579866358739571,,,,,,,,,,,,,,,,,,,,,,,,,,,,,
,,,,,,,,,,160.16016016016016,0.7391720947011633,0.2608279052988367,,,,,,,,,,,,,,,,,,,,,,,,,,,,,
,,,,,,,,,,161.16116116116117,0.7363228939994027,0.2636771060005973,,,,,,,,,,,,,,,,,,,,,,,,,,,,,
,,,,,,,,,,162.1621621621622,0.7334659277884581,0.26653407221154185,,,,,,,,,,,,,,,,,,,,,,,,,,,,,
,,,,,,,,,,163.16316316316318,0.7306013622878267,0.2693986377121733,,,,,,,,,,,,,,,,,,,,,,,,,,,,,
,,,,,,,,,,164.1641641641642,0.7277293641591358,0.27227063584086425,,,,,,,,,,,,,,,,,,,,,,,,,,,,,
,,,,,,,,,,165.16516516516518,0.724850100496446,0.275149899503554,,,,,,,,,,,,,,,,,,,,,,,,,,,,,
,,,,,,,,,,166.1661661661662,0.7219637388165296,0.2780362611834704,,,,,,,,,,,,,,,,,,,,,,,,,,,,,
,,,,,,,,,,167.16716716716718,0.7190704470491249,0.280929552950875,,,,,,,,,,,,,,,,,,,,,,,,,,,,,
,,,,,,,,,,168.1681681681682,0.7161703935271656,0.2838296064728344,,,,,,,,,,,,,,,,,,,,,,,,,,,,,
,,,,,,,,,,169.16916916916918,0.7132637469769867,0.28673625302301325,,,,,,,,,,,,,,,,,,,,,,,,,,,,,
,,,,,,,,,,170.1701701701702,0.7103506765085086,0.28964932349149136,,,,,,,,,,,,,,,,,,,,,,,,,,,,,
,,,,,,,,,,171.17117117117118,0.707431351605398,0.2925686483946019,,,,,,,,,,,,,,,,,,,,,,,,,,,,,
,,,,,,,,,,172.1721721721722,0.7045059421152073,0.2954940578847927,,,,,,,,,,,,,,,,,,,,,,,,,,,,,
,,,,,,,,,,173.17317317317318,0.7015746182394926,0.2984253817605073,,,,,,,,,,,,,,,,,,,,,,,,,,,,,
,,,,,,,,,,174.1741741741742,0.6986375505239115,0.30136244947608853,,,,,,,,,,,,,,,,,,,,,,,,,,,,,
,,,,,,,,,,175.17517517517518,0.6956949098483007,0.3043050901516993,,,,,,,,,,,,,,,,,,,,,,,,,,,,,
,,,,,,,,,,176.1761761761762,0.6927468674167337,0.30725313258326625,,,,,,,,,,,,,,,,,,,,,,,,,,,,,
,,,,,,,,,,177.17717717717719,0.6897935947475612,0.3102064052524388,,,,,,,,,,,,,,,,,,,,,,,,,,,,,
,,,,,,,,,,178.1781781781782,0.6868352636634303,0.3131647363365697,,,,,,,,,,,,,,,,,,,,,,,,,,,,,
,,,,,,,,,,179.1791791791792,0.6838720462812897,0.3161279537187103,,,,,,,,,,,,,,,,,,,,,,,,,,,,,
,,,,,,,,,,180.1801801801802,0.6809041150023746,0.3190958849976254,,,,,,,,,,,,,,,,,,,,,,,,,,,,,
,,,,,,,,,,181.1811811811812,0.6779316425021766,0.3220683574978233,,,,,,,,,,,,,,,,,,,,,,,,,,,,,
,,,,,,,,,,182.1821821821822,0.6749548017203978,0.3250451982796022,,,,,,,,,,,,,,,,,,,,,,,,,,,,,
,,,,,,,,,,183.1831831831832,0.6719737658508884,0.3280262341491116,,,,,,,,,,,,,,,,,,,,,,,,,,,,,
,,,,,,,,,,184.1841841841842,0.6689887083315706,0.33101129166842935,,,,,,,,,,,,,,,,,,,,,,,,,,,,,
,,,,,,,,,,185.1851851851852,0.6659998028343483,0.3340001971656516,,,,,,,,,,,,,,,,,,,,,,,,,,,,,
,,,,,,,,,,186.1861861861862,0.663007223255002,0.33699277674499795,,,,,,,,,,,,,,,,,,,,,,,,,,,,,
,,,,,,,,,,187.1871871871872,0.6600111437030721,0.3399888562969279,,,,,,,,,,,,,,,,,,,,,,,,,,,,,
,,,,,,,,,,188.1881881881882,0.6570117384917282,0.3429882615082718,,,,,,,,,,,,,,,,,,,,,,,,,,,,,
,,,,,,,,,,189.1891891891892,0.6540091821276293,0.3459908178723708,,,,,,,,,,,,,,,,,,,,,,,,,,,,,
,,,,,,,,,,190.1901901901902,0.6510036493007685,0.34899635069923146,,,,,,,,,,,,,,,,,,,,,,,,,,,,,
,,,,,,,,,,191.1911911911912,0.647995314874312,0.35200468512568805,,,,,,,,,,,,,,,,,,,,,,,,,,,,,
,,,,,,,,,,192.1921921921922,0.6449843538744233,0.3550156461255766,,,,,,,,,,,,,,,,,,,,,,,,,,,,,
,,,,,,,,,,193.19319319319322,0.6419709414800817,0.3580290585199183,,,,,,,,,,,,,,,,,,,,,,,,,,,,,
,,,,,,,,,,194.1941941941942,0.6389552530128894,0.36104474698711064,,,,,,,,,,,,,,,,,,,,,,,,,,,,,
,,,,,,,,,,195.19519519519523,0.6359374639268711,0.36406253607312883,,,,,,,,,,,,,,,,,,,,,,,,,,,,,
,,,,,,,,,,196.1961961961962,0.632917749798267,0.36708225020173296,,,,,,,,,,,,,,,,,,,,,,,,,,,,,
,,,,,,,,,,197.19719719719723,0.6298962863153169,0.3701037136846831,,,,,,,,,,,,,,,,,,,,,,,,,,,,,
,,,,,,,,,,198.1981981981982,0.6268732492680387,0.3731267507319614,,,,,,,,,,,,,,,,,,,,,,,,,,,,,
,,,,,,,,,,199.19919919919923,0.6238488145380006,0.37615118546199944,,,,,,,,,,,,,,,,,,,,,,,,,,,,,
,,,,,,,,,,200.20020020020021,0.6208231580880892,0.37917684191191076,,,,,,,,,,,,,,,,,,,,,,,,,,,,,
,,,,,,,,,,201.20120120120123,0.6177964559522711,0.38220354404772894,,,,,,,,,,,,,,,,,,,,,,,,,,,,,
,,,,,,,,,,202.20220220220222,0.6147688842253509,0.385231115774649,,,,,,,,,,,,,,,,,,,,,,,,,,,,,
,,,,,,,,,,203.20320320320323,0.611740619052727,0.3882593809472729,,,,,,,,,,,,,,,,,,,,,,,,,,,,,
,,,,,,,,,,204.20420420420422,0.6087118366201427,0.39128816337985733,,,,,,,,,,,,,,,,,,,,,,,,,,,,,
,,,,,,,,,,205.20520520520523,0.6056827131434347,0.3943172868565653,,,,,,,,,,,,,,,,,,,,,,,,,,,,,
,,,,,,,,,,206.20620620620622,0.6026534248582834,0.39734657514171656,,,,,,,,,,,,,,,,,,,,,,,,,,,,,
,,,,,,,,,,207.20720720720723,0.5996241480099562,0.4003758519900438,,,,,,,,,,,,,,,,,,,,,,,,,,,,,
,,,,,,,,,,208.20820820820822,0.5965950588430566,0.4034049411569433,,,,,,,,,,,,,,,,,,,,,,,,,,,,,
,,,,,,,,,,209.20920920920923,0.5935663335912678,0.4064336664087322,,,,,,,,,,,,,,,,,,,,,,,,,,,,,
,,,,,,,,,,210.21021021021022,0.5905381484671004,0.40946185153289955,,,,,,,,,,,,,,,,,,,,,,,,,,,,,
,,,,,,,,,,211.21121121121124,0.5875106796516402,0.41248932034835983,,,,,,,,,,,,,,,,,,,,,,,,,,,,,
,,,,,,,,,,212.21221221221222,0.584484103284298,0.41551589671570205,,,,,,,,,,,,,,,,,,,,,,,,,,,,,
,,,,,,,,,,213.21321321321324,0.5814585954525611,0.4185414045474389,,,,,,,,,,,,,,,,,,,,,,,,,,,,,
,,,,,,,,,,214.21421421421422,0.5784343321817498,0.42156566781825017,,,,,,,,,,,,,,,,,,,,,,,,,,,,,
,,,,,,,,,,215.21521521521524,0.5754114894247748,0.42458851057522523,,,,,,,,,,,,,,,,,,,,,,,,,,,,,
,,,,,,,,,,216.21621621621622,0.5723902430519003,0.4276097569480996,,,,,,,,,,,,,,,,,,,,,,,,,,,,,
,,,,,,,,,,217.21721721721724,0.5693707688405134,0.43062923115948665,,,,,,,,,,,,,,,,,,,,,,,,,,,,,
,,,,,,,,,,218.21821821821823,0.5663532424648946,0.4336467575351054,,,,,,,,,,,,,,,,,,,,,,,,,,,,,
,,,,,,,,,,219.21921921921924,0.5633378394859995,0.43666216051400053,,,,,,,,,,,,,,,,,,,,,,,,,,,,,
,,,,,,,,,,220.22022022022023,0.5603247353412436,0.4396752646587564,,,,,,,,,,,,,,,,,,,,,,,,,,,,,
,,,,,,,,,,221.22122122122124,0.5573141053342947,0.4426858946657053,,,,,,,,,,,,,,,,,,,,,,,,,,,,,
,,,,,,,,,,222.22222222222223,0.5543061246248747,0.4456938753751253,,,,,,,,,,,,,,,,,,,,,,,,,,,,,
,,,,,,,,,,223.22322322322324,0.5513009682185679,0.44869903178143217,,,,,,,,,,,,,,,,,,,,,,,,,,,,,
,,,,,,,,,,224.22422422422426,0.5482988109566396,0.4517011890433604,,,,,,,,,,,,,,,,,,,,,,,,,,,,,
,,,,,,,,,,225.22522522522524,0.5452998275058638,0.45470017249413625,,,,,,,,,,,,,,,,,,,,,,,,,,,,,
,,,,,,,,,,226.22622622622626,0.5423041923483605,0.45769580765163953,,,,,,,,,,,,,,,,,,,,,,,,,,,,,
,,,,,,,,,,227.22722722722725,0.5393120797714449,0.4606879202285551,,,,,,,,,,,,,,,,,,,,,,,,,,,,,
,,,,,,,,,,228.22822822822826,0.5363236638574868,0.46367633614251325,,,,,,,,,,,,,,,,,,,,,,,,,,,,,
,,,,,,,,,,229.22922922922925,0.5333391184737826,0.46666088152621743,,,,,,,,,,,,,,,,,,,,,,,,,,,,,
,,,,,,,,,,230.23023023023026,0.5303586172624395,0.4696413827375605,,,,,,,,,,,,,,,,,,,,,,,,,,,,,
,,,,,,,,,,231.23123123123125,0.5273823336302734,0.4726176663697266,,,,,,,,,,,,,,,,,,,,,,,,,,,,,
,,,,,,,,,,232.23223223223226,0.5244104407387196,0.47558955926128044,,,,,,,,,,,,,,,,,,,,,,,,,,,,,
,,,,,,,,,,233.23323323323325,0.5214431114937577,0.4785568885062423,,,,,,,,,,,,,,,,,,,,,,,,,,,,,
,,,,,,,,,,234.23423423423426,0.5184805185358532,0.4815194814641468,,,,,,,,,,,,,,,,,,,,,,,,,,,,,
,,,,,,,,,,235.23523523523525,0.515522834229912,0.48447716577008804,,,,,,,,,,,,,,,,,,,,,,,,,,,,,
,,,,,,,,,,236.23623623623627,0.5125702306552523,0.4874297693447477,,,,,,,,,,,,,,,,,,,,,,,,,,,,,
,,,,,,,,,,237.23723723723725,0.5096228795955942,0.4903771204044059,,,,,,,,,,,,,,,,,,,,,,,,,,,,,
,,,,,,,,,,238.23823823823827,0.5066809525290629,0.49331904747093713,,,,,,,,,,,,,,,,,,,,,,,,,,,,,
,,,,,,,,,,239.23923923923925,0.5037446206182146,0.49625537938178543,,,,,,,,,,,,,,,,,,,,,,,,,,,,,
,,,,,,,,,,240.24024024024027,0.5008140547000761,0.4991859452999239,,,,,,,,,,,,,,,,,,,,,,,,,,,,,
,,,,,,,,,,241.24124124124126,0.49788942527620716,0.5021105747237928,,,,,,,,,,,,,,,,,,,,,,,,,,,,,
,,,,,,,,,,242.24224224224227,0.494970902502779,0.505029097497221,,,,,,,,,,,,,,,,,,,,,,,,,,,,,
,,,,,,,,,,243.24324324324326,0.4920586561806757,0.5079413438193243,,,,,,,,,,,,,,,,,,,,,,,,,,,,,
,,,,,,,,,,244.24424424424427,0.48915285574561496,0.510847144254385,,,,,,,,,,,,,,,,,,,,,,,,,,,,,
,,,,,,,,,,245.24524524524526,0.4862536702582898,0.5137463297417102,,,,,,,,,,,,,,,,,,,,,,,,,,,,,
,,,,,,,,,,246.24624624624627,0.48336126839453275,0.5166387316054672,,,,,,,,,,,,,,,,,,,,,,,,,,,,,
,,,,,,,,,,247.24724724724726,0.48047581843550247,0.5195241815644975,,,,,,,,,,,,,,,,,,,,,,,,,,,,,
,,,,,,,,,,248.24824824824827,0.4775974882578926,0.5224025117421074,,,,,,,,,,,,,,,,,,,,,,,,,,,,,
,,,,,,,,,,249.24924924924926,0.4747264453241652,0.5252735546758348,,,,,,,,,,,,,,,,,,,,,,,,,,,,,
,,,,,,,,,,250.25025025025028,0.47186285667280714,0.5281371433271929,,,,,,,,,,,,,,,,,,,,,,,,,,,,,
,,,,,,,,,,251.25125125125126,0.4690068889086123,0.5309931110913877,,,,,,,,,,,,,,,,,,,,,,,,,,,,,
,,,,,,,,,,252.25225225225228,0.4661587081929879,0.5338412918070121,,,,,,,,,,,,,,,,,,,,,,,,,,,,,
,,,,,,,,,,253.25325325325326,0.46331848023428757,0.5366815197657124,,,,,,,,,,,,,,,,,,,,,,,,,,,,,
,,,,,,,,,,254.25425425425428,0.46048637027816974,0.5395136297218303,,,,,,,,,,,,,,,,,,,,,,,,,,,,,
,,,,,,,,,,255.25525525525526,0.45766254309798493,0.5423374569020151,,,,,,,,,,,,,,,,,,,,,,,,,,,,,
,,,,,,,,,,256.2562562562563,0.4548471629851871,0.5451528370148129,,,,,,,,,,,,,,,,,,,,,,,,,,,,,
,,,,,,,,,,257.25725725725727,0.45204039373977756,0.5479596062602224,,,,,,,,,,,,,,,,,,,,,,,,,,,,,
,,,,,,,,,,258.2582582582583,0.4492423986607724,0.5507576013392276,,,,,,,,,,,,,,,,,,,,,,,,,,,,,
,,,,,,,,,,259.2592592592593,0.44645334053670427,0.5535466594632957,,,,,,,,,,,,,,,,,,,,,,,,,,,,,
,,,,,,,,,,260.2602602602603,0.4436733816361491,0.5563266183638509,,,,,,,,,,,,,,,,,,,,,,,,,,,,,
,,,,,,,,,,261.26126126126127,0.44090268369828645,0.5590973163017136,,,,,,,,,,,,,,,,,,,,,,,,,,,,,
,,,,,,,,,,262.2622622622623,0.4381414079234892,0.5618585920765108,,,,,,,,,,,,,,,,,,,,,,,,,,,,,
,,,,,,,,,,263.2632632632633,0.43538971496394496,0.564610285036055,,,,,,,,,,,,,,,,,,,,,,,,,,,,,
,,,,,,,,,,264.2642642642643,0.4326477649143091,0.5673522350856909,,,,,,,,,,,,,,,,,,,,,,,,,,,,,
,,,,,,,,,,265.26526526526527,0.42991571730238987,0.5700842826976101,,,,,,,,,,,,,,,,,,,,,,,,,,,,,
,,,,,,,,,,266.2662662662663,0.42719373107986813,0.5728062689201319,,,,,,,,,,,,,,,,,,,,,,,,,,,,,
,,,,,,,,,,267.2672672672673,0.4244819646130489,0.5755180353869511,,,,,,,,,,,,,,,,,,,,,,,,,,,,,
,,,,,,,,,,268.2682682682683,0.4217805756736468,0.5782194243263532,,,,,,,,,,,,,,,,,,,,,,,,,,,,,
,,,,,,,,,,269.2692692692693,0.4190897214296083,0.5809102785703917,,,,,,,,,,,,,,,,,,,,,,,,,,,,,
,,,,,,,,,,270.2702702702703,0.4164095584359663,0.5835904415640337,,,,,,,,,,,,,,,,,,,,,,,,,,,,,
,,,,,,,,,,271.2712712712713,0.41374024262573283,0.5862597573742672,,,,,,,,,,,,,,,,,,,,,,,,,,,,,
,,,,,,,,,,272.2722722722723,0.41108192930082565,0.5889180706991743,,,,,,,,,,,,,,,,,,,,,,,,,,,,,
,,,,,,,,,,273.2732732732733,0.4084347731230338,0.5915652268769662,,,,,,,,,,,,,,,,,,,,,,,,,,,,,
,,,,,,,,,,274.2742742742743,0.4057989281050177,0.5942010718949823,,,,,,,,,,,,,,,,,,,,,,,,,,,,,
,,,,,,,,,,275.2752752752753,0.40317454760135196,0.596825452398648,,,,,,,,,,,,,,,,,,,,,,,,,,,,,
,,,,,,,,,,276.2762762762763,0.40056178429959854,0.5994382157004015,,,,,,,,,,,,,,,,,,,,,,,,,,,,,
,,,,,,,,,,277.2772772772773,0.39796079021142683,0.6020392097885732,,,,,,,,,,,,,,,,,,,,,,,,,,,,,
,,,,,,,,,,278.2782782782783,0.39537171666376847,0.6046282833362315,,,,,,,,,,,,,,,,,,,,,,,,,,,,,
,,,,,,,,,,279.2792792792793,0.39279471429001267,0.6072052857099873,,,,,,,,,,,,,,,,,,,,,,,,,,,,,
,,,,,,,,,,280.2802802802803,0.390229933021243,0.609770066978757,,,,,,,,,,,,,,,,,,,,,,,,,,,,,
,,,,,,,,,,281.2812812812813,0.3876775220775137,0.6123224779224863,,,,,,,,,,,,,,,,,,,,,,,,,,,,,
,,,,,,,,,,282.2822822822823,0.3851376299591682,0.6148623700408318,,,,,,,,,,,,,,,,,,,,,,,,,,,,,
,,,,,,,,,,283.2832832832833,0.38261040443819994,0.6173895955618001,,,,,,,,,,,,,,,,,,,,,,,,,,,,,
,,,,,,,,,,284.2842842842843,0.38009599254965387,0.6199040074503461,,,,,,,,,,,,,,,,,,,,,,,,,,,,,
,,,,,,,,,,285.2852852852853,0.37759454058307285,0.6224054594169272,,,,,,,,,,,,,,,,,,,,,,,,,,,,,
,,,,,,,,,,286.2862862862863,0.37510619407398504,0.624893805926015,,,,,,,,,,,,,,,,,,,,,,,,,,,,,
,,,,,,,,,,287.2872872872873,0.37263109779543935,0.6273689022045607,,,,,,,,,,,,,,,,,,,,,,,,,,,,,
,,,,,,,,,,288.2882882882883,0.37016939574957897,0.629830604250421,,,,,,,,,,,,,,,,,,,,,,,,,,,,,
,,,,,,,,,,289.28928928928934,0.3677212311592656,0.6322787688407344,,,,,,,,,,,,,,,,,,,,,,,,,,,,,
,,,,,,,,,,290.29029029029033,0.36528674645974657,0.6347132535402534,,,,,,,,,,,,,,,,,,,,,,,,,,,,,
,,,,,,,,,,291.2912912912913,0.3628660832903666,0.6371339167096334,,,,,,,,,,,,,,,,,,,,,,,,,,,,,
,,,,,,,,,,292.2922922922923,0.3604593824863287,0.6395406175136713,,,,,,,,,,,,,,,,,,,,,,,,,,,,,
,,,,,,,,,,293.29329329329335,0.3580667840704985,0.6419332159295015,,,,,,,,,,,,,,,,,,,,,,,,,,,,,
,,,,,,,,,,294.29429429429433,0.3556884272452604,0.6443115727547396,,,,,,,,,,,,,,,,,,,,,,,,,,,,,
,,,,,,,,,,295.2952952952953,0.3533244503844155,0.6466755496155845,,,,,,,,,,,,,,,,,,,,,,,,,,,,,
,,,,,,,,,,296.2962962962963,0.3509749910251332,0.6490250089748668,,,,,,,,,,,,,,,,,,,,,,,,,,,,,
,,,,,,,,,,297.29729729729735,0.3486401858599484,0.6513598141400516,,,,,,,,,,,,,,,,,,,,,,,,,,,,,
,,,,,,,,,,298.29829829829833,0.34632017072880916,0.6536798292711908,,,,,,,,,,,,,,,,,,,,,,,,,,,,,
,,,,,,,,,,299.2992992992993,0.3440150806111729,0.6559849193888271,,,,,,,,,,,,,,,,,,,,,,,,,,,,,
,,,,,,,,,,300.3003003003003,0.3417250496181534,0.6582749503818466,,,,,,,,,,,,,,,,,,,,,,,,,,,,,
,,,,,,,,,,301.30130130130135,0.33945021098471784,0.6605497890152822,,,,,,,,,,,,,,,,,,,,,,,,,,,,,
,,,,,,,,,,302.30230230230234,0.3371906970619366,0.6628093029380634,,,,,,,,,,,,,,,,,,,,,,,,,,,,,
,,,,,,,,,,303.3033033033033,0.3349466393092808,0.6650533606907192,,,,,,,,,,,,,,,,,,,,,,,,,,,,,
,,,,,,,,,,304.3043043043043,0.33271816828697587,0.6672818317130241,,,,,,,,,,,,,,,,,,,,,,,,,,,,,
,,,,,,,,,,305.30530530530535,0.33050541364840413,0.6694945863515959,,,,,,,,,,,,,,,,,,,,,,,,,,,,,
,,,,,,,,,,306.30630630630634,0.3283085041325624,0.6716914958674376,,,,,,,,,,,,,,,,,,,,,,,,,,,,,
,,,,,,,,,,307.3073073073073,0.3261275675565718,0.6738724324434282,,,,,,,,,,,,,,,,,,,,,,,,,,,,,
,,,,,,,,,,308.3083083083083,0.32396273080824045,0.6760372691917595,,,,,,,,,,,,,,,,,,,,,,,,,,,,,
,,,,,,,,,,309.30930930930936,0.32181411983868213,0.6781858801613179,,,,,,,,,,,,,,,,,,,,,,,,,,,,,
,,,,,,,,,,310.31031031031034,0.3196818596549882,0.6803181403450118,,,,,,,,,,,,,,,,,,,,,,,,,,,,,
,,,,,,,,,,311.31131131131133,0.3175660743129538,0.6824339256870462,,,,,,,,,,,,,,,,,,,,,,,,,,,,,
,,,,,,,,,,312.3123123123123,0.3154668869098616,0.6845331130901384,,,,,,,,,,,,,,,,,,,,,,,,,,,,,
,,,,,,,,,,313.31331331331336,0.3133844195773182,0.6866155804226818,,,,,,,,,,,,,,,,,,,,,,,,,,,,,
,,,,,,,,,,314.31431431431434,0.3113187934741505,0.6886812065258495,,,,,,,,,,,,,,,,,,,,,,,,,,,,,
,,,,,,,,,,315.31531531531533,0.3092701287793549,0.6907298712206451,,,,,,,,,,,,,,,,,,,,,,,,,,,,,
,,,,,,,,,,316.3163163163163,0.30723854468510614,0.6927614553148939,,,,,,,,,,,,,,,,,,,,,,,,,,,,,
,,,,,,,,,,317.31731731731736,0.30522415938982217,0.6947758406101778,,,,,,,,,,,,,,,,,,,,,,,,,,,,,
,,,,,,,,,,318.31831831831835,0.30322709009128856,0.6967729099087114,,,,,,,,,,,,,,,,,,,,,,,,,,,,,
,,,,,,,,,,319.31931931931933,0.30124745297983735,0.6987525470201627,,,,,,,,,,,,,,,,,,,,,,,,,,,,,
,,,,,,,,,,320.3203203203203,0.2992853632315897,0.7007146367684103,,,,,,,,,,,,,,,,,,,,,,,,,,,,,
,,,,,,,,,,321.32132132132136,0.2973409350017534,0.7026590649982466,,,,,,,,,,,,,,,,,,,,,,,,,,,,,
,,,,,,,,,,322.32232232232235,0.2954142814179822,0.7045857185820178,,,,,,,,,,,,,,,,,,,,,,,,,,,,,
,,,,,,,,,,323.32332332332334,0.29350551457379237,0.7064944854262076,,,,,,,,,,,,,,,,,,,,,,,,,,,,,
,,,,,,,,,,324.3243243243244,0.29161474552204314,0.7083852544779569,,,,,,,,,,,,,,,,,,,,,,,,,,,,,
,,,,,,,,,,325.32532532532537,0.28974208426847403,0.710257915731526,,,,,,,,,,,,,,,,,,,,,,,,,,,,,
,,,,,,,,,,326.32632632632635,0.2878876397653056,0.7121123602346944,,,,,,,,,,,,,,,,,,,,,,,,,,,,,
,,,,,,,,,,327.32732732732734,0.28605151990489996,0.7139484800951,,,,,,,,,,,,,,,,,,,,,,,,,,,,,
,,,,,,,,,,328.3283283283284,0.2842338315134839,0.7157661684865161,,,,,,,,,,,,,,,,,,,,,,,,,,,,,
,,,,,,,,,,329.32932932932937,0.28243468034493324,0.7175653196550668,,,,,,,,,,,,,,,,,,,,,,,,,,,,,
,,,,,,,,,,330.33033033033036,0.2806541710746212,0.7193458289253788,,,,,,,,,,,,,,,,,,,,,,,,,,,,,
,,,,,,,,,,331.33133133133134,0.27889240729332665,0.7211075927066734,,,,,,,,,,,,,,,,,,,,,,,,,,,,,
,,,,,,,,,,332.3323323323324,0.27714949150120827,0.7228505084987917,,,,,,,,,,,,,,,,,,,,,,,,,,,,,
,,,,,,,,,,333.33333333333337,0.27542552510184115,0.7245744748981588,,,,,,,,,,,,,,,,,,,,,,,,,,,,,
,,,,,,,,,,334.33433433433436,0.27372060839631607,0.7262793916036839,,,,,,,,,,,,,,,,,,,,,,,,,,,,,
,,,,,,,,,,335.33533533533534,0.27203484057740535,0.7279651594225947,,,,,,,,,,,,,,,,,,,,,,,,,,,,,
,,,,,,,,,,336.3363363363364,0.2703683197237905,0.7296316802762095,,,,,,,,,,,,,,,,,,,,,,,,,,,,,
,,,,,,,,,,337.3373373373374,0.26872114279435644,0.7312788572056436,,,,,,,,,,,,,,,,,,,,,,,,,,,,,
,,,,,,,,,,338.33833833833836,0.2670934056225509,0.7329065943774491,,,,,,,,,,,,,,,,,,,,,,,,,,,,,
,,,,,,,,,,339.33933933933935,0.2654852029108079,0.7345147970891921,,,,,,,,,,,,,,,,,,,,,,,,,,,,,
,,,,,,,,,,340.3403403403404,0.26389662822503857,0.7361033717749614,,,,,,,,,,,,,,,,,,,,,,,,,,,,,
,,,,,,,,,,341.3413413413414,0.26232777398918694,0.7376722260108131,,,,,,,,,,,,,,,,,,,,,,,,,,,,,
,,,,,,,,,,342.34234234234236,0.26077873147985353,0.7392212685201465,,,,,,,,,,,,,,,,,,,,,,,,,,,,,
,,,,,,,,,,343.34334334334335,0.25924959082098353,0.7407504091790165,,,,,,,,,,,,,,,,,,,,,,,,,,,,,
,,,,,,,,,,344.3443443443444,0.2577404409786246,0.7422595590213754,,,,,,,,,,,,,,,,,,,,,,,,,,,,,
,,,,,,,,,,345.3453453453454,0.25625136975575025,0.7437486302442498,,,,,,,,,,,,,,,,,,,,,,,,,,,,,
,,,,,,,,,,346.34634634634637,0.2547824637871513,0.7452175362128487,,,,,,,,,,,,,,,,,,,,,,,,,,,,,
,,,,,,,,,,347.34734734734735,0.25333380853439547,0.7466661914656045,,,,,,,,,,,,,,,,,,,,,,,,,,,,,
,,,,,,,,,,348.3483483483484,0.2519054882808557,0.7480945117191443,,,,,,,,,,,,,,,,,,,,,,,,,,,,,
,,,,,,,,,,349.3493493493494,0.2504975861268056,0.7495024138731944,,,,,,,,,,,,,,,,,,,,,,,,,,,,,
,,,,,,,,,,350.35035035035037,0.2491101839845855,0.7508898160154145,,,,,,,,,,,,,,,,,,,,,,,,,,,,,
,,,,,,,,,,351.35135135135135,0.24774336257383656,0.7522566374261634,,,,,,,,,,,,,,,,,,,,,,,,,,,,,
,,,,,,,,,,352.3523523523524,0.24639720141680388,0.7536027985831961,,,,,,,,,,,,,,,,,,,,,,,,,,,,,
,,,,,,,,,,353.3533533533534,0.24507177883371034,0.7549282211662897,,,,,,,,,,,,,,,,,,,,,,,,,,,,,
,,,,,,,,,,354.35435435435437,0.24376717193820052,0.7562328280617995,,,,,,,,,,,,,,,,,,,,,,,,,,,,,
,,,,,,,,,,355.3553553553554,0.24248345663285242,0.7575165433671476,,,,,,,,,,,,,,,,,,,,,,,,,,,,,
,,,,,,,,,,356.3563563563564,0.24122070760476344,0.7587792923952366,,,,,,,,,,,,,,,,,,,,,,,,,,,,,
,,,,,,,,,,357.3573573573574,0.23997899832120384,0.7600210016787962,,,,,,,,,,,,,,,,,,,,,,,,,,,,,
,,,,,,,,,,358.3583583583584,0.23875840102534274,0.7612415989746573,,,,,,,,,,,,,,,,,,,,,,,,,,,,,
,,,,,,,,,,359.3593593593594,0.23755898673204479,0.7624410132679552,,,,,,,,,,,,,,,,,,,,,,,,,,,,,
,,,,,,,,,,360.3603603603604,0.2363808252237387,0.7636191747762613,,,,,,,,,,,,,,,,,,,,,,,,,,,,,
,,,,,,,,,,361.3613613613614,0.23522398504635722,0.7647760149536428,,,,,,,,,,,,,,,,,,,,,,,,,,,,,
,,,,,,,,,,362.3623623623624,0.23408853350534886,0.7659114664946511,,,,,,,,,,,,,,,,,,,,,,,,,,,,,
,,,,,,,,,,363.3633633633634,0.2329745366617627,0.7670254633382373,,,,,,,,,,,,,,,,,,,,,,,,,,,,,
,,,,,,,,,,364.3643643643644,0.23188205932840433,0.7681179406715957,,,,,,,,,,,,,,,,,,,,,,,,,,,,,
,,,,,,,,,,365.3653653653654,0.2308111650660648,0.7691888349339352,,,,,,,,,,,,,,,,,,,,,,,,,,,,,
,,,,,,,,,,366.3663663663664,0.22976191617982344,0.7702380838201766,,,,,,,,,,,,,,,,,,,,,,,,,,,,,
,,,,,,,,,,367.3673673673674,0.22873437371542227,0.7712656262845777,,,,,,,,,,,,,,,,,,,,,,,,,,,,,
,,,,,,,,,,368.3683683683684,0.22772859745571483,0.7722714025442852,,,,,,,,,,,,,,,,,,,,,,,,,,,,,
,,,,,,,,,,369.3693693693694,0.22674464591718735,0.7732553540828127,,,,,,,,,,,,,,,,,,,,,,,,,,,,,
,,,,,,,,,,370.3703703703704,0.22578257634655452,0.7742174236534455,,,,,,,,,,,,,,,,,,,,,,,,,,,,,
,,,,,,,,,,371.3713713713714,0.22484244471742942,0.7751575552825706,,,,,,,,,,,,,,,,,,,,,,,,,,,,,
,,,,,,,,,,372.3723723723724,0.22392430572706612,0.7760756942729339,,,,,,,,,,,,,,,,,,,,,,,,,,,,,
,,,,,,,,,,373.3733733733734,0.22302821279317775,0.7769717872068223,,,,,,,,,,,,,,,,,,,,,,,,,,,,,
,,,,,,,,,,374.3743743743744,0.22215421805082836,0.7778457819491716,,,,,,,,,,,,,,,,,,,,,,,,,,,,,
,,,,,,,,,,375.3753753753754,0.2213023723494003,0.7786976276505997,,,,,,,,,,,,,,,,,,,,,,,,,,,,,
,,,,,,,,,,376.3763763763764,0.22047272524963557,0.7795272747503644,,,,,,,,,,,,,,,,,,,,,,,,,,,,,
,,,,,,,,,,377.3773773773774,0.2196653250207511,0.7803346749792489,,,,,,,,,,,,,,,,,,,,,,,,,,,,,
,,,,,,,,,,378.3783783783784,0.21888021863763274,0.7811197813623673,,,,,,,,,,,,,,,,,,,,,,,,,,,,,
,,,,,,,,,,379.37937937937943,0.21811745177810038,0.7818825482218996,,,,,,,,,,,,,,,,,,,,,,,,,,,,,
,,,,,,,,,,380.3803803803804,0.21737706882025132,0.7826229311797487,,,,,,,,,,,,,,,,,,,,,,,,,,,,,
,,,,,,,,,,381.3813813813814,0.2166591128398776,0.7833408871601224,,,,,,,,,,,,,,,,,,,,,,,,,,,,,
,,,,,,,,,,382.3823823823824,0.21596362560796045,0.7840363743920395,,,,,,,,,,,,,,,,,,,,,,,,,,,,,
,,,,,,,,,,383.38338338338343,0.21529064758824035,0.7847093524117597,,,,,,,,,,,,,,,,,,,,,,,,,,,,,
,,,,,,,,,,384.3843843843844,0.21464021793486154,0.7853597820651385,,,,,,,,,,,,,,,,,,,,,,,,,,,,,
,,,,,,,,,,385.3853853853854,0.21401237449009525,0.7859876255099048,,,,,,,,,,,,,,,,,,,,,,,,,,,,,
,,,,,,,,,,386.38638638638645,0.2134071537821376,0.7865928462178624,,,,,,,,,,,,,,,,,,,,,,,,,,,,,
,,,,,,,,,,387.38738738738743,0.21282459102298423,0.7871754089770158,,,,,,,,,,,,,,,,,,,,,,,,,,,,,
,,,,,,,,,,388.3883883883884,0.21226472010638164,0.7877352798936184,,,,,,,,,,,,,,,,,,,,,,,,,,,,,
,,,,,,,,,,389.3893893893894,0.2117275736058558,0.7882724263941442,,,,,,,,,,,,,,,,,,,,,,,,,,,,,
,,,,,,,,,,390.39039039039045,0.2112131827728163,0.7887868172271837,,,,,,,,,,,,,,,,,,,,,,,,,,,,,
,,,,,,,,,,391.39139139139144,0.2107215775347383,0.7892784224652617,,,,,,,,,,,,,,,,,,,,,,,,,,,,,
,,,,,,,,,,392.3923923923924,0.2102527864934216,0.7897472135065784,,,,,,,,,,,,,,,,,,,,,,,,,,,,,
,,,,,,,,,,393.3933933933934,0.20980683692332636,0.7901931630766736,,,,,,,,,,,,,,,,,,,,,,,,,,,,,
,,,,,,,,,,394.39439439439445,0.2093837547699866,0.7906162452300134,,,,,,,,,,,,,,,,,,,,,,,,,,,,,
,,,,,,,,,,395.39539539539544,0.2089835646485001,0.7910164353514999,,,,,,,,,,,,,,,,,,,,,,,,,,,,,
,,,,,,,,,,396.3963963963964,0.20860628984209661,0.7913937101579034,,,,,,,,,,,,,,,,,,,,,,,,,,,,,
,,,,,,,,,,397.3973973973974,0.20825195230078308,0.7917480476992169,,,,,,,,,,,,,,,,,,,,,,,,,,,,,
,,,,,,,,,,398.39839839839846,0.20792057264006725,0.7920794273599328,,,,,,,,,,,,,,,,,,,,,,,,,,,,,
,,,,,,,,,,399.39939939939944,0.20761217013975708,0.7923878298602429,,,,,,,,,,,,,,,,,,,,,,,,,,,,,
,,,,,,,,,,400.40040040040043,0.20732676274284,0.79267323725716,,,,,,,,,,,,,,,,,,,,,,,,,,,,,
,,,,,,,,,,401.4014014014014,0.20706436705443843,0.7929356329455616,,,,,,,,,,,,,,,,,,,,,,,,,,,,,
,,,,,,,,,,402.40240240240246,0.20682499834084433,0.7931750016591557,,,,,,,,,,,,,,,,,,,,,,,,,,,,,
,,,,,,,,,,403.40340340340344,0.20660867052863008,0.7933913294713699,,,,,,,,,,,,,,,,,,,,,,,,,,,,,
,,,,,,,,,,404.40440440440443,0.20641539620383909,0.7935846037961609,,,,,,,,,,,,,,,,,,,,,,,,,,,,,
,,,,,,,,,,405.4054054054054,0.20624518661125246,0.7937548133887475,,,,,,,,,,,,,,,,,,,,,,,,,,,,,
,,,,,,,,,,406.40640640640646,0.2060980516537364,0.7939019483462636,,,,,,,,,,,,,,,,,,,,,,,,,,,,,
,,,,,,,,,,407.40740740740745,0.20597399989166454,0.7940260001083355,,,,,,,,,,,,,,,,,,,,,,,,,,,,,
,,,,,,,,,,408.40840840840843,0.2058730385424209,0.7941269614575791,,,,,,,,,,,,,,,,,,,,,,,,,,,,,
,,,,,,,,,,409.4094094094094,0.205795173479979,0.794204826520021,,,,,,,,,,,,,,,,,,,,,,,,,,,,,
,,,,,,,,,,410.41041041041046,0.20574040923456116,0.7942595907654388,,,,,,,,,,,,,,,,,,,,,,,,,,,,,
,,,,,,,,,,411.41141141141145,0.20570874899237412,0.7942912510076259,,,,,,,,,,,,,,,,,,,,,,,,,,,,,
,,,,,,,,,,412.41241241241244,0.2057001945954241,0.7942998054045759,,,,,,,,,,,,,,,,,,,,,,,,,,,,,
,,,,,,,,,,413.4134134134134,0.20571474654140964,0.7942852534585904,,,,,,,,,,,,,,,,,,,,,,,,,,,,,
,,,,,,,,,,414.41441441441447,0.2057524039836922,0.7942475960163078,,,,,,,,,,,,,,,,,,,,,,,,,,,,,
,,,,,,,,,,415.41541541541545,0.20581316473134592,0.7941868352686541,,,,,,,,,,,,,,,,,,,,,,,,,,,,,
,,,,,,,,,,416.41641641641644,0.20589702524928533,0.7941029747507147,,,,,,,,,,,,,,,,,,,,,,,,,,,,,
,,,,,,,,,,417.4174174174175,0.2060039806584697,0.7939960193415303,,,,,,,,,,,,,,,,,,,,,,,,,,,,,
,,,,,,,,,,418.41841841841847,0.20613402473618847,0.7938659752638115,,,,,,,,,,,,,,,,,,,,,,,,,,,,,
,,,,,,,,,,419.41941941941946,0.20628714991642239,0.7937128500835776,,,,,,,,,,,,,,,,,,,,,,,,,,,,,
,,,,,,,,,,420.42042042042044,0.20646334729028404,0.793536652709716,,,,,,,,,,,,,,,,,,,,,,,,,,,,,
,,,,,,,,,,421.4214214214215,0.20666260660653601,0.793337393393464,,,,,,,,,,,,,,,,,,,,,,,,,,,,,
,,,,,,,,,,422.42242242242247,0.2068849162721874,0.7931150837278126,,,,,,,,,,,,,,,,,,,,,,,,,,,,,
,,,,,,,,,,423.42342342342346,0.2071302633531681,0.7928697366468319,,,,,,,,,,,,,,,,,,,,,,,,,,,,,
,,,,,,,,,,424.42442442442444,0.2073986335750816,0.7926013664249184,,,,,,,,,,,,,,,,,,,,,,,,,,,,,
,,,,,,,,,,425.4254254254255,0.20769001132403564,0.7923099886759644,,,,,,,,,,,,,,,,,,,,,,,,,,,,,
,,,,,,,,,,426.4264264264265,0.2080043796475497,0.7919956203524503,,,,,,,,,,,,,,,,,,,,,,,,,,,,,
,,,,,,,,,,427.42742742742746,0.20834172025554265,0.7916582797444573,,,,,,,,,,,,,,,,,,,,,,,,,,,,,
,,,,,,,,,,428.42842842842845,0.2087020135213956,0.7912979864786044,,,,,,,,,,,,,,,,,,,,,,,,,,,,,
,,,,,,,,,,429.4294294294295,0.2090852384830948,0.7909147615169052,,,,,,,,,,,,,,,,,,,,,,,,,,,,,
,,,,,,,,,,430.4304304304305,0.20949137284445052,0.7905086271555495,,,,,,,,,,,,,,,,,,,,,,,,,,,,,
,,,,,,,,,,431.43143143143146,0.20992039297639442,0.7900796070236056,,,,,,,,,,,,,,,,,,,,,,,,,,,,,
,,,,,,,,,,432.43243243243245,0.21037227391835478,0.7896277260816452,,,,,,,,,,,,,,,,,,,,,,,,,,,,,
,,,,,,,,,,433.4334334334335,0.21084698937970803,0.789153010620292,,,,,,,,,,,,,,,,,,,,,,,,,,,,,
,,,,,,,,,,434.4344344344345,0.21134451174130864,0.7886554882586914,,,,,,,,,,,,,,,,,,,,,,,,,,,,,
,,,,,,,,,,435.43543543543547,0.21186481205709595,0.788135187942904,,,,,,,,,,,,,,,,,,,,,,,,,,,,,
,,,,,,,,,,436.43643643643645,0.21240786005577883,0.7875921399442212,,,,,,,,,,,,,,,,,,,,,,,,,,,,,
,,,,,,,,,,437.4374374374375,0.21297362414259569,0.7870263758574043,,,,,,,,,,,,,,,,,,,,,,,,,,,,,
,,,,,,,,,,438.4384384384385,0.21356207140115402,0.786437928598846,,,,,,,,,,,,,,,,,,,,,,,,,,,,,
,,,,,,,,,,439.43943943943947,0.21417316759534388,0.7858268324046561,,,,,,,,,,,,,,,,,,,,,,,,,,,,,
,,,,,,,,,,440.44044044044045,0.21480687717133207,0.7851931228286679,,,,,,,,,,,,,,,,,,,,,,,,,,,,,
,,,,,,,,,,441.4414414414415,0.21546316325962833,0.7845368367403717,,,,,,,,,,,,,,,,,,,,,,,,,,,,,
,,,,,,,,,,442.4424424424425,0.21614198767723125,0.7838580123227687,,,,,,,,,,,,,,,,,,,,,,,,,,,,,
,,,,,,,,,,443.44344344344347,0.21684331092985087,0.7831566890701491,,,,,,,,,,,,,,,,,,,,,,,,,,,,,
,,,,,,,,,,444.44444444444446,0.21756709221420467,0.7824329077857953,,,,,,,,,,,,,,,,,,,,,,,,,,,,,
,,,,,,,,,,445.4454454454455,0.21831328942039296,0.781686710579607,,,,,,,,,,,,,,,,,,,,,,,,,,,,,
,,,,,,,,,,446.4464464464465,0.21908185913434775,0.7809181408656523,,,,,,,,,,,,,,,,,,,,,,,,,,,,,
,,,,,,,,,,447.4474474474475,0.21987275664035966,0.7801272433596403,,,,,,,,,,,,,,,,,,,,,,,,,,,,,
,,,,,,,,,,448.4484484484485,0.22068593592367836,0.7793140640763216,,,,,,,,,,,,,,,,,,,,,,,,,,,,,
,,,,,,,,,,449.4494494494495,0.22152134967319115,0.7784786503268089,,,,,,,,,,,,,,,,,,,,,,,,,,,,,
,,,,,,,,,,450.4504504504505,0.222378949284174,0.777621050715826,,,,,,,,,,,,,,,,,,,,,,,,,,,,,
,,,,,,,,,,451.4514514514515,0.22325868486112022,0.7767413151388798,,,,,,,,,,,,,,,,,,,,,,,,,,,,,
,,,,,,,,,,452.4524524524525,0.22416050522064368,0.7758394947793563,,,,,,,,,,,,,,,,,,,,,,,,,,,,,
,,,,,,,,,,453.4534534534535,0.22508435789445602,0.774915642105544,,,,,,,,,,,,,,,,,,,,,,,,,,,,,
,,,,,,,,,,454.4544544544545,0.22603018913241968,0.7739698108675803,,,,,,,,,,,,,,,,,,,,,,,,,,,,,
,,,,,,,,,,455.4554554554555,0.22699794390567474,0.7730020560943253,,,,,,,,,,,,,,,,,,,,,,,,,,,,,
,,,,,,,,,,456.4564564564565,0.22798756590984093,0.7720124340901591,,,,,,,,,,,,,,,,,,,,,,,,,,,,,
,,,,,,,,,,457.4574574574575,0.22899899756829334,0.7710010024317067,,,,,,,,,,,,,,,,,,,,,,,,,,,,,
,,,,,,,,,,458.4584584584585,0.2300321800355123,0.7699678199644877,,,,,,,,,,,,,,,,,,,,,,,,,,,,,
,,,,,,,,,,459.4594594594595,0.23108705320050638,0.7689129467994936,,,,,,,,,,,,,,,,,,,,,,,,,,,,,
,,,,,,,,,,460.4604604604605,0.23216355569031089,0.7678364443096891,,,,,,,,,,,,,,,,,,,,,,,,,,,,,
,,,,,,,,,,461.4614614614615,0.2332616248735574,0.7667383751264426,,,,,,,,,,,,,,,,,,,,,,,,,,,,,
,,,,,,,,,,462.4624624624625,0.23438119686411862,0.7656188031358814,,,,,,,,,,,,,,,,,,,,,,,,,,,,,
,,,,,,,,,,463.4634634634635,0.23552220652482436,0.7644777934751756,,,,,,,,,,,,,,,,,,,,,,,,,,,,,
,,,,,,,,,,464.4644644644645,0.23668458747125243,0.7633154125287476,,,,,,,,,,,,,,,,,,,,,,,,,,,,,
,,,,,,,,,,465.4654654654655,0.23786827207558925,0.7621317279244108,,,,,,,,,,,,,,,,,,,,,,,,,,,,,
,,,,,,,,,,466.4664664664665,0.2390731914705665,0.7609268085294335,,,,,,,,,,,,,,,,,,,,,,,,,,,,,
,,,,,,,,,,467.4674674674675,0.2402992755534663,0.7597007244465337,,,,,,,,,,,,,,,,,,,,,,,,,,,,,
,,,,,,,,,,468.46846846846853,0.24154645299020017,0.7584535470097998,,,,,,,,,,,,,,,,,,,,,,,,,,,,,
,,,,,,,,,,469.4694694694695,0.24281465121945978,0.7571853487805402,,,,,,,,,,,,,,,,,,,,,,,,,,,,,
,,,,,,,,,,470.4704704704705,0.2441037964569378,0.7558962035430622,,,,,,,,,,,,,,,,,,,,,,,,,,,,,
,,,,,,,,,,471.4714714714715,0.24541381369962167,0.7545861863003783,,,,,,,,,,,,,,,,,,,,,,,,,,,,,
,,,,,,,,,,472.47247247247253,0.2467446267301565,0.7532553732698435,,,,,,,,,,,,,,,,,,,,,,,,,,,,,
,,,,,,,,,,473.4734734734735,0.2480961581212795,0.7519038418787205,,,,,,,,,,,,,,,,,,,,,,,,,,,,,
,,,,,,,,,,474.4744744744745,0.24946832924032536,0.7505316707596746,,,,,,,,,,,,,,,,,,,,,,,,,,,,,
,,,,,,,,,,475.4754754754755,0.25086106025380017,0.7491389397461998,,,,,,,,,,,,,,,,,,,,,,,,,,,,,
,,,,,,,,,,476.47647647647653,0.2522742701320275,0.7477257298679725,,,,,,,,,,,,,,,,,,,,,,,,,,,,,
,,,,,,,,,,477.4774774774775,0.2537078766538611,0.7462921233461389,,,,,,,,,,,,,,,,,,,,,,,,,,,,,
,,,,,,,,,,478.4784784784785,0.25516179641146985,0.7448382035885301,,,,,,,,,,,,,,,,,,,,,,,,,,,,,
,,,,,,,,,,479.4794794794795,0.25663594481519003,0.74336405518481,,,,,,,,,,,,,,,,,,,,,,,,,,,,,
,,,,,,,,,,480.48048048048054,0.25813023609844665,0.7418697639015533,,,,,,,,,,,,,,,,,,,,,,,,,,,,,
,,,,,,,,,,481.4814814814815,0.2596445833227434,0.7403554166772566,,,,,,,,,,,,,,,,,,,,,,,,,,,,,
,,,,,,,,,,482.4824824824825,0.26117889838272146,0.7388211016172785,,,,,,,,,,,,,,,,,,,,,,,,,,,,,
,,,,,,,,,,483.48348348348355,0.26273309201128403,0.737266907988716,,,,,,,,,,,,,,,,,,,,,,,,,,,,,
,,,,,,,,,,484.48448448448454,0.26430707378479135,0.7356929262152087,,,,,,,,,,,,,,,,,,,,,,,,,,,,,
,,,,,,,,,,485.4854854854855,0.265900752128321,0.734099247871679,,,,,,,,,,,,,,,,,,,,,,,,,,,,,
,,,,,,,,,,486.4864864864865,0.26751403432099574,0.7324859656790043,,,,,,,,,,,,,,,,,,,,,,,,,,,,,
,,,,,,,,,,487.48748748748756,0.26914682650137833,0.7308531734986217,,,,,,,,,,,,,,,,,,,,,,,,,,,,,
,,,,,,,,,,488.48848848848854,0.2707990336729319,0.7292009663270681,,,,,,,,,,,,,,,,,,,,,,,,,,,,,
,,,,,,,,,,489.48948948948953,0.2724705597095475,0.7275294402904525,,,,,,,,,,,,,,,,,,,,,,,,,,,,,
,,,,,,,,,,490.4904904904905,0.2741613073611361,0.7258386926388639,,,,,,,,,,,,,,,,,,,,,,,,,,,,,
,,,,,,,,,,491.49149149149156,0.27587117825928786,0.7241288217407121,,,,,,,,,,,,,,,,,,,,,,,,,,,,,
,,,,,,,,,,492.49249249249254,0.27760007292299327,0.7223999270770067,,,,,,,,,,,,,,,,,,,,,,,,,,,,,
,,,,,,,,,,493.49349349349353,0.279347890764433,0.720652109235567,,,,,,,,,,,,,,,,,,,,,,,,,,,,,
,,,,,,,,,,494.4944944944945,0.2811145300948288,0.7188854699051712,,,,,,,,,,,,,,,,,,,,,,,,,,,,,
,,,,,,,,,,495.49549549549556,0.2828998881303606,0.7171001118696394,,,,,,,,,,,,,,,,,,,,,,,,,,,,,
,,,,,,,,,,496.49649649649655,0.2847038609981457,0.7152961390018543,,,,,,,,,,,,,,,,,,,,,,,,,,,,,
,,,,,,,,,,497.49749749749753,0.28652634374228303,0.713473656257717,,,,,,,,,,,,,,,,,,,,,,,,,,,,,
,,,,,,,,,,498.4984984984985,0.28836723032995915,0.7116327696700409,,,,,,,,,,,,,,,,,,,,,,,,,,,,,
,,,,,,,,,,499.49949949949956,0.29022641365761725,0.7097735863423827,,,,,,,,,,,,,,,,,,,,,,,,,,,,,
,,,,,,,,,,500.50050050050055,0.29210378555718775,0.7078962144428123,,,,,,,,,,,,,,,,,,,,,,,,,,,,,
,,,,,,,,,,501.50150150150154,0.2939992368023835,0.7060007631976165,,,,,,,,,,,,,,,,,,,,,,,,,,,,,
,,,,,,,,,,502.5025025025025,0.29591265711505244,0.7040873428849476,,,,,,,,,,,,,,,,,,,,,,,,,,,,,
,,,,,,,,,,503.50350350350357,0.29784393517159524,0.7021560648284048,,,,,,,,,,,,,,,,,,,,,,,,,,,,,
,,,,,,,,,,504.50450450450455,0.2997929586094409,0.7002070413905591,,,,,,,,,,,,,,,,,,,,,,,,,,,,,
,,,,,,,,,,505.50550550550554,0.3017596140335853,0.6982403859664147,,,,,,,,,,,,,,,,,,,,,,,,,,,,,
,,,,,,,,,,506.5065065065065,0.30374378702318716,0.6962562129768128,,,,,,,,,,,,,,,,,,,,,,,,,,,,,
,,,,,,,,,,507.50750750750757,0.3057453621382271,0.6942546378617729,,,,,,,,,,,,,,,,,,,,,,,,,,,,,
,,,,,,,,,,508.50850850850856,0.3077642229262212,0.6922357770737788,,,,,,,,,,,,,,,,,,,,,,,,,,,,,
,,,,,,,,,,509.50950950950954,0.30980025192899896,0.690199748071001,,,,,,,,,,,,,,,,,,,,,,,,,,,,,
,,,,,,,,,,510.5105105105105,0.31185333068953536,0.6881466693104646,,,,,,,,,,,,,,,,,,,,,,,,,,,,,
,,,,,,,,,,511.51151151151157,0.3139233397588438,0.6860766602411562,,,,,,,,,,,,,,,,,,,,,,,,,,,,,
,,,,,,,,,,512.5125125125126,0.3160101587029245,0.6839898412970755,,,,,,,,,,,,,,,,,,,,,,,,,,,,,
,,,,,,,,,,513.5135135135135,0.31811366610977254,0.6818863338902275,,,,,,,,,,,,,,,,,,,,,,,,,,,,,
,,,,,,,,,,514.5145145145145,0.3202337395964412,0.6797662604035588,,,,,,,,,,,,,,,,,,,,,,,,,,,,,
,,,,,,,,,,515.5155155155155,0.3223702558161621,0.6776297441838379,,,,,,,,,,,,,,,,,,,,,,,,,,,,,
,,,,,,,,,,516.5165165165166,0.3245230904655221,0.6754769095344779,,,,,,,,,,,,,,,,,,,,,,,,,,,,,
,,,,,,,,,,517.5175175175176,0.326692118291694,0.673307881708306,,,,,,,,,,,,,,,,,,,,,,,,,,,,,
,,,,,,,,,,518.5185185185186,0.32887721309972595,0.671122786900274,,,,,,,,,,,,,,,,,,,,,,,,,,,,,
,,,,,,,,,,519.5195195195196,0.3310782477598816,0.6689217522401184,,,,,,,,,,,,,,,,,,,,,,,,,,,,,
,,,,,,,,,,520.5205205205206,0.33329509421503734,0.6667049057849627,,,,,,,,,,,,,,,,,,,,,,,,,,,,,
,,,,,,,,,,521.5215215215215,0.33552762348813303,0.664472376511867,,,,,,,,,,,,,,,,,,,,,,,,,,,,,
,,,,,,,,,,522.5225225225225,0.3377757056896752,0.6622242943103248,,,,,,,,,,,,,,,,,,,,,,,,,,,,,
,,,,,,,,,,523.5235235235235,0.3400392100252946,0.6599607899747054,,,,,,,,,,,,,,,,,,,,,,,,,,,,,
,,,,,,,,,,524.5245245245246,0.34231800480335606,0.6576819951966439,,,,,,,,,,,,,,,,,,,,,,,,,,,,,
,,,,,,,,,,525.5255255255256,0.3446119574426192,0.6553880425573808,,,,,,,,,,,,,,,,,,,,,,,,,,,,,
,,,,,,,,,,526.5265265265266,0.34692093447995365,0.6530790655200464,,,,,,,,,,,,,,,,,,,,,,,,,,,,,
,,,,,,,,,,527.5275275275276,0.3492448015781028,0.6507551984218972,,,,,,,,,,,,,,,,,,,,,,,,,,,,,
,,,,,,,,,,528.5285285285286,0.35158342353350025,0.6484165764664997,,,,,,,,,,,,,,,,,,,,,,,,,,,,,
,,,,,,,,,,529.5295295295296,0.35393666428413584,0.6460633357158642,,,,,,,,,,,,,,,,,,,,,,,,,,,,,
,,,,,,,,,,530.5305305305305,0.35630438691747157,0.6436956130825284,,,,,,,,,,,,,,,,,,,,,,,,,,,,,
,,,,,,,,,,531.5315315315315,0.35868645367840746,0.6413135463215925,,,,,,,,,,,,,,,,,,,,,,,,,,,,,
,,,,,,,,,,532.5325325325326,0.3610827259772966,0.6389172740227034,,,,,,,,,,,,,,,,,,,,,,,,,,,,,
,,,,,,,,,,533.5335335335336,0.36349306439800677,0.6365069356019932,,,,,,,,,,,,,,,,,,,,,,,,,,,,,
,,,,,,,,,,534.5345345345346,0.3659173287060338,0.6340826712939662,,,,,,,,,,,,,,,,,,,,,,,,,,,,,
,,,,,,,,,,535.5355355355356,0.3683553778566594,0.6316446221433406,,,,,,,,,,,,,,,,,,,,,,,,,,,,,
,,,,,,,,,,536.5365365365366,0.37080707000315716,0.6291929299968428,,,,,,,,,,,,,,,,,,,,,,,,,,,,,
,,,,,,,,,,537.5375375375376,0.3732722625050455,0.6267277374949545,,,,,,,,,,,,,,,,,,,,,,,,,,,,,
,,,,,,,,,,538.5385385385385,0.3757508119363866,0.6242491880636134,,,,,,,,,,,,,,,,,,,,,,,,,,,,,
,,,,,,,,,,539.5395395395395,0.3782425740941304,0.6217574259058696,,,,,,,,,,,,,,,,,,,,,,,,,,,,,
,,,,,,,,,,540.5405405405406,0.38074740400650575,0.6192525959934942,,,,,,,,,,,,,,,,,,,,,,,,,,,,,
,,,,,,,,,,541.5415415415416,0.3832651559414527,0.6167348440585473,,,,,,,,,,,,,,,,,,,,,,,,,,,,,
,,,,,,,,,,542.5425425425426,0.38579568341510373,0.6142043165848963,,,,,,,,,,,,,,,,,,,,,,,,,,,,,
,,,,,,,,,,543.5435435435436,0.38833883920030454,0.6116611607996955,,,,,,,,,,,,,,,,,,,,,,,,,,,,,
,,,,,,,,,,544.5445445445446,0.39089447533518074,0.6091055246648193,,,,,,,,,,,,,,,,,,,,,,,,,,,,,
,,,,,,,,,,545.5455455455456,0.3934624431317457,0.6065375568682543,,,,,,,,,,,,,,,,,,,,,,,,,,,,,
,,,,,,,,,,546.5465465465466,0.3960425931845514,0.6039574068154486,,,,,,,,,,,,,,,,,,,,,,,,,,,,,
,,,,,,,,,,547.5475475475477,0.3986347753793814,0.6013652246206186,,,,,,,,,,,,,,,,,,,,,,,,,,,,,
,,,,,,,,,,548.5485485485486,0.40123883890198375,0.5987611610980162,,,,,,,,,,,,,,,,,,,,,,,,,,,,,
,,,,,,,,,,549.5495495495496,0.4038546322468458,0.5961453677531542,,,,,,,,,,,,,,,,,,,,,,,,,,,,,
,,,,,,,,,,550.5505505505506,0.40648200322600925,0.5935179967739908,,,,,,,,,,,,,,,,,,,,,,,,,,,,,
,,,,,,,,,,551.5515515515516,0.4091207989779242,0.5908792010220758,,,,,,,,,,,,,,,,,,,,,,,,,,,,,
,,,,,,,,,,552.5525525525526,0.41177086597634227,0.5882291340236577,,,,,,,,,,,,,,,,,,,,,,,,,,,,,
,,,,,,,,,,553.5535535535536,0.41443205003924977,0.5855679499607502,,,,,,,,,,,,,,,,,,,,,,,,,,,,,
,,,,,,,,,,554.5545545545546,0.4171041963378368,0.5828958036621632,,,,,,,,,,,,,,,,,,,,,,,,,,,,,
,,,,,,,,,,555.5555555555557,0.41978714940550665,0.5802128505944933,,,,,,,,,,,,,,,,,,,,,,,,,,,,,
,,,,,,,,,,556.5565565565566,0.4224807531469198,0.5775192468530802,,,,,,,,,,,,,,,,,,,,,,,,,,,,,
,,,,,,,,,,557.5575575575576,0.42518485084707613,0.5748151491529239,,,,,,,,,,,,,,,,,,,,,,,,,,,,,
,,,,,,,,,,558.5585585585586,0.42789928518043263,0.5721007148195674,,,,,,,,,,,,,,,,,,,,,,,,,,,,,
,,,,,,,,,,559.5595595595596,0.43062389822005664,0.5693761017799434,,,,,,,,,,,,,,,,,,,,,,,,,,,,,
,,,,,,,,,,560.5605605605606,0.43335853144681424,0.5666414685531858,,,,,,,,,,,,,,,,,,,,,,,,,,,,,
,,,,,,,,,,561.5615615615616,0.4361030257585924,0.5638969742414076,,,,,,,,,,,,,,,,,,,,,,,,,,,,,
,,,,,,,,,,562.5625625625626,0.4388572214795564,0.5611427785204436,,,,,,,,,,,,,,,,,,,,,,,,,,,,,
,,,,,,,,,,563.5635635635637,0.4416209583694394,0.5583790416305606,,,,,,,,,,,,,,,,,,,,,,,,,,,,,
,,,,,,,,,,564.5645645645646,0.4443940756328647,0.5556059243671353,,,,,,,,,,,,,,,,,,,,,,,,,,,,,
,,,,,,,,,,565.5655655655656,0.4471764119287024,0.5528235880712976,,,,,,,,,,,,,,,,,,,,,,,,,,,,,
,,,,,,,,,,566.5665665665666,0.4499678053794549,0.5500321946205451,,,,,,,,,,,,,,,,,,,,,,,,,,,,,
,,,,,,,,,,567.5675675675676,0.45276809358067593,0.5472319064193241,,,,,,,,,,,,,,,,,,,,,,,,,,,,,
,,,,,,,,,,568.5685685685686,0.4555771136104183,0.5444228863895817,,,,,,,,,,,,,,,,,,,,,,,,,,,,,
,,,,,,,,,,569.5695695695696,0.4583947020387139,0.5416052979612861,,,,,,,,,,,,,,,,,,,,,,,,,,,,,
,,,,,,,,,,570.5705705705706,0.4612206949370814,0.5387793050629186,,,,,,,,,,,,,,,,,,,,,,,,,,,,,
,,,,,,,,,,571.5715715715717,0.46405492788806435,0.5359450721119356,,,,,,,,,,,,,,,,,,,,,,,,,,,,,
,,,,,,,,,,572.5725725725727,0.4668972359947945,0.5331027640052055,,,,,,,,,,,,,,,,,,,,,,,,,,,,,
,,,,,,,,,,573.5735735735736,0.46974745389059025,0.5302525461094098,,,,,,,,,,,,,,,,,,,,,,,,,,,,,
,,,,,,,,,,574.5745745745746,0.47260541574857384,0.5273945842514262,,,,,,,,,,,,,,,,,,,,,,,,,,,,,
,,,,,,,,,,575.5755755755756,0.475470955291321,0.524529044708679,,,,,,,,,,,,,,,,,,,,,,,,,,,,,
,,,,,,,,,,576.5765765765766,0.478343905800534,0.521656094199466,,,,,,,,,,,,,,,,,,,,,,,,,,,,,
,,,,,,,,,,577.5775775775776,0.48122410012674244,0.5187758998732576,,,,,,,,,,,,,,,,,,,,,,,,,,,,,
,,,,,,,,,,578.5785785785787,0.4841113706990279,0.5158886293009721,,,,,,,,,,,,,,,,,,,,,,,,,,,,,
,,,,,,,,,,579.5795795795797,0.4870055495347717,0.5129944504652283,,,,,,,,,,,,,,,,,,,,,,,,,,,,,
,,,,,,,,,,580.5805805805807,0.48990646824943074,0.5100935317505693,,,,,,,,,,,,,,,,,,,,,,,,,,,,,
,,,,,,,,,,581.5815815815816,0.49281395806633244,0.5071860419336676,,,,,,,,,,,,,,,,,,,,,,,,,,,,,
,,,,,,,,,,582.5825825825826,0.49572784982649487,0.5042721501735051,,,,,,,,,,,,,,,,,,,,,,,,,,,,,
,,,,,,,,,,583.5835835835836,0.49864797399846794,0.5013520260015321,,,,,,,,,,,,,,,,,,,,,,,,,,,,,
,,,,,,,,,,584.5845845845846,0.5015741606881979,0.49842583931180207,,,,,,,,,,,,,,,,,,,,,,,,,,,,,
,,,,,,,,,,585.5855855855856,0.5045062396489108,0.49549376035108916,,,,,,,,,,,,,,,,,,,,,,,,,,,,,
,,,,,,,,,,586.5865865865867,0.507444040291018,0.492555959708982,,,,,,,,,,,,,,,,,,,,,,,,,,,,,
,,,,,,,,,,587.5875875875877,0.5103873916920403,0.48961260830795966,,,,,,,,,,,,,,,,,,,,,,,,,,,,,
,,,,,,,,,,588.5885885885887,0.513336122606554,0.48666387739344596,,,,,,,,,,,,,,,,,,,,,,,,,,,,,
,,,,,,,,,,589.5895895895897,0.5162900614761526,0.48370993852384736,,,,,,,,,,,,,,,,,,,,,,,,,,,,,
,,,,,,,,,,590.5905905905906,0.5192490364394288,0.48075096356057123,,,,,,,,,,,,,,,,,,,,,,,,,,,,,
,,,,,,,,,,591.5915915915916,0.5222128753419729,0.4777871246580271,,,,,,,,,,,,,,,,,,,,,,,,,,,,,
,,,,,,,,,,592.5925925925926,0.5251814057463893,0.47481859425361067,,,,,,,,,,,,,,,,,,,,,,,,,,,,,
,,,,,,,,,,593.5935935935936,0.5281544549423292,0.4718455450576709,,,,,,,,,,,,,,,,,,,,,,,,,,,,,
,,,,,,,,,,594.5945945945947,0.5311318499565383,0.4688681500434618,,,,,,,,,,,,,,,,,,,,,,,,,,,,,
,,,,,,,,,,595.5955955955957,0.5341134175629204,0.4658865824370796,,,,,,,,,,,,,,,,,,,,,,,,,,,,,
,,,,,,,,,,596.5965965965967,0.5370989842926164,0.4629010157073836,,,,,,,,,,,,,,,,,,,,,,,,,,,,,
,,,,,,,,,,597.5975975975977,0.5400883764440969,0.4599116235559031,,,,,,,,,,,,,,,,,,,,,,,,,,,,,
,,,,,,,,,,598.5985985985986,0.5430814200932677,0.4569185799067324,,,,,,,,,,,,,,,,,,,,,,,,,,,,,
,,,,,,,,,,599.5995995995996,0.5460779411035883,0.45392205889641163,,,,,,,,,,,,,,,,,,,,,,,,,,,,,
,,,,,,,,,,600.6006006006006,0.5490777651362049,0.4509222348637951,,,,,,,,,,,,,,,,,,,,,,,,,,,,,
,,,,,,,,,,601.6016016016016,0.5520807176600917,0.4479192823399083,,,,,,,,,,,,,,,,,,,,,,,,,,,,,
,,,,,,,,,,602.6026026026027,0.5550866239622064,0.4449133760377936,,,,,,,,,,,,,,,,,,,,,,,,,,,,,
,,,,,,,,,,603.6036036036037,0.5580953091576539,0.441904690842346,,,,,,,,,,,,,,,,,,,,,,,,,,,,,
,,,,,,,,,,604.6046046046047,0.5611065981998629,0.43889340180013714,,,,,,,,,,,,,,,,,,,,,,,,,,,,,
,,,,,,,,,,605.6056056056057,0.5641203158907684,0.4358796841092316,,,,,,,,,,,,,,,,,,,,,,,,,,,,,
,,,,,,,,,,606.6066066066066,0.5671362868910063,0.43286371310899374,,,,,,,,,,,,,,,,,,,,,,,,,,,,,
,,,,,,,,,,607.6076076076076,0.5701543357301133,0.4298456642698867,,,,,,,,,,,,,,,,,,,,,,,,,,,,,
,,,,,,,,,,608.6086086086086,0.5731742868167372,0.4268257131832628,,,,,,,,,,,,,,,,,,,,,,,,,,,,,
,,,,,,,,,,609.6096096096097,0.5761959644488521,0.4238040355511478,,,,,,,,,,,,,,,,,,,,,,,,,,,,,
,,,,,,,,,,610.6106106106107,0.5792191928239803,0.4207808071760197,,,,,,,,,,,,,,,,,,,,,,,,,,,,,
,,,,,,,,,,611.6116116116117,0.5822437960494219,0.4177562039505781,,,,,,,,,,,,,,,,,,,,,,,,,,,,,
,,,,,,,,,,612.6126126126127,0.5852695981524876,0.4147304018475125,,,,,,,,,,,,,,,,,,,,,,,,,,,,,
,,,,,,,,,,613.6136136136137,0.5882964230907365,0.4117035769092635,,,,,,,,,,,,,,,,,,,,,,,,,,,,,
,,,,,,,,,,614.6146146146147,0.5913240947622191,0.4086759052377808,,,,,,,,,,,,,,,,,,,,,,,,,,,,,
,,,,,,,,,,615.6156156156156,0.5943524370157227,0.4056475629842773,,,,,,,,,,,,,,,,,,,,,,,,,,,,,
,,,,,,,,,,616.6166166166166,0.5973812736610193,0.40261872633898066,,,,,,,,,,,,,,,,,,,,,,,,,,,,,
,,,,,,,,,,617.6176176176177,0.6004104284791179,0.39958957152088215,,,,,,,,,,,,,,,,,,,,,,,,,,,,,
,,,,,,,,,,618.6186186186187,0.6034397252325148,0.3965602747674852,,,,,,,,,,,,,,,,,,,,,,,,,,,,,
,,,,,,,,,,619.6196196196197,0.606468987675449,0.39353101232455096,,,,,,,,,,,,,,,,,,,,,,,,,,,,,
,,,,,,,,,,620.6206206206207,0.6094980395641563,0.3905019604358438,,,,,,,,,,,,,,,,,,,,,,,,,,,,,
,,,,,,,,,,621.6216216216217,0.6125267046671217,0.3874732953328783,,,,,,,,,,,,,,,,,,,,,,,,,,,,,
,,,,,,,,,,622.6226226226227,0.6155548067753345,0.3844451932246656,,,,,,,,,,,,,,,,,,,,,,,,,,,,,
,,,,,,,,,,623.6236236236236,0.6185821697125385,0.38141783028746146,,,,,,,,,,,,,,,,,,,,,,,,,,,,,
,,,,,,,,,,624.6246246246246,0.6216086173454831,0.3783913826545169,,,,,,,,,,,,,,,,,,,,,,,,,,,,,
,,,,,,,,,,625.6256256256257,0.6246339735941708,0.3753660264058291,,,,,,,,,,,,,,,,,,,,,,,,,,,,,
,,,,,,,,,,626.6266266266267,0.6276580624421004,0.37234193755789957,,,,,,,,,,,,,,,,,,,,,,,,,,,,,
,,,,,,,,,,627.6276276276277,0.6306807079465092,0.3693192920534908,,,,,,,,,,,,,,,,,,,,,,,,,,,,,
,,,,,,,,,,628.6286286286287,0.6337017342486091,0.3662982657513909,,,,,,,,,,,,,,,,,,,,,,,,,,,,,
,,,,,,,,,,629.6296296296297,0.6367209655838173,0.36327903441618276,,,,,,,,,,,,,,,,,,,,,,,,,,,,,
,,,,,,,,,,630.6306306306307,0.6397382262919834,0.3602617737080166,,,,,,,,,,,,,,,,,,,,,,,,,,,,,
,,,,,,,,,,631.6316316316316,0.6427533408276085,0.3572466591723915,,,,,,,,,,,,,,,,,,,,,,,,,,,,,
,,,,,,,,,,632.6326326326326,0.6457661337700592,0.3542338662299408,,,,,,,,,,,,,,,,,,,,,,,,,,,,,
,,,,,,,,,,633.6336336336337,0.6487764298337738,0.3512235701662262,,,,,,,,,,,,,,,,,,,,,,,,,,,,,
,,,,,,,,,,634.6346346346347,0.6517840538784585,0.3482159461215415,,,,,,,,,,,,,,,,,,,,,,,,,,,,,
,,,,,,,,,,635.6356356356357,0.6547888309192804,0.3452111690807195,,,,,,,,,,,,,,,,,,,,,,,,,,,,,
,,,,,,,,,,636.6366366366367,0.6577905861370459,0.34220941386295417,,,,,,,,,,,,,,,,,,,,,,,,,,,,,
,,,,,,,,,,637.6376376376377,0.6607891448883718,0.3392108551116282,,,,,,,,,,,,,,,,,,,,,,,,,,,,,
,,,,,,,,,,638.6386386386387,0.6637843327158475,0.3362156672841525,,,,,,,,,,,,,,,,,,,,,,,,,,,,,
,,,,,,,,,,639.6396396396397,0.6667759753581837,0.33322402464181633,,,,,,,,,,,,,,,,,,,,,,,,,,,,,
,,,,,,,,,,640.6406406406406,0.6697638987603516,0.3302361012396484,,,,,,,,,,,,,,,,,,,,,,,,,,,,,
,,,,,,,,,,641.6416416416417,0.67274792908371,0.32725207091629,,,,,,,,,,,,,,,,,,,,,,,,,,,,,
,,,,,,,,,,642.6426426426427,0.6757278927161164,0.32427210728388356,,,,,,,,,,,,,,,,,,,,,,,,,,,,,
,,,,,,,,,,643.6436436436437,0.6787036162820327,0.3212963837179673,,,,,,,,,,,,,,,,,,,,,,,,,,,,,
,,,,,,,,,,644.6446446446447,0.6816749266526084,0.3183250733473916,,,,,,,,,,,,,,,,,,,,,,,,,,,,,
,,,,,,,,,,645.6456456456457,0.6846416509557548,0.3153583490442452,,,,,,,,,,,,,,,,,,,,,,,,,,,,,
,,,,,,,,,,646.6466466466467,0.6876036165862026,0.3123963834137974,,,,,,,,,,,,,,,,,,,,,,,,,,,,,
,,,,,,,,,,647.6476476476477,0.690560651215544,0.309439348784456,,,,,,,,,,,,,,,,,,,,,,,,,,,,,
,,,,,,,,,,648.6486486486488,0.6935125828022592,0.3064874171977407,,,,,,,,,,,,,,,,,,,,,,,,,,,,,
,,,,,,,,,,649.6496496496497,0.6964592396017248,0.3035407603982752,,,,,,,,,,,,,,,,,,,,,,,,,,,,,
,,,,,,,,,,650.6506506506507,0.6994004501762073,0.30059954982379267,,,,,,,,,,,,,,,,,,,,,,,,,,,,,
,,,,,,,,,,651.6516516516517,0.7023360434048371,0.29766395659516287,,,,,,,,,,,,,,,,,,,,,,,,,,,,,
,,,,,,,,,,652.6526526526527,0.7052658484935637,0.29473415150643634,,,,,,,,,,,,,,,,,,,,,,,,,,,,,
,,,,,,,,,,653.6536536536537,0.7081896949850931,0.2918103050149069,,,,,,,,,,,,,,,,,,,,,,,,,,,,,
,,,,,,,,,,654.6546546546547,0.7111074127688052,0.2888925872311948,,,,,,,,,,,,,,,,,,,,,,,,,,,,,
,,,,,,,,,,655.6556556556557,0.7140188320906504,0.2859811679093496,,,,,,,,,,,,,,,,,,,,,,,,,,,,,
,,,,,,,,,,656.6566566566568,0.7169237835630271,0.28307621643697295,,,,,,,,,,,,,,,,,,,,,,,,,,,,,
,,,,,,,,,,657.6576576576578,0.719822098174634,0.28017790182536595,,,,,,,,,,,,,,,,,,,,,,,,,,,,,
,,,,,,,,,,658.6586586586587,0.7227136073003074,0.2772863926996926,,,,,,,,,,,,,,,,,,,,,,,,,,,,,
,,,,,,,,,,659.6596596596597,0.7255981427108282,0.2744018572891718,,,,,,,,,,,,,,,,,,,,,,,,,,,,,
,,,,,,,,,,660.6606606606607,0.7284755365827115,0.27152446341728853,,,,,,,,,,,,,,,,,,,,,,,,,,,,,
,,,,,,,,,,661.6616616616617,0.7313456215079699,0.26865437849203005,,,,,,,,,,,,,,,,,,,,,,,,,,,,,
,,,,,,,,,,662.6626626626627,0.7342082305038541,0.2657917694961459,,,,,,,,,,,,,,,,,,,,,,,,,,,,,
,,,,,,,,,,663.6636636636637,0.7370631970225667,0.2629368029774332,,,,,,,,,,,,,,,,,,,,,,,,,,,,,
,,,,,,,,,,664.6646646646648,0.7399103549609545,0.2600896450390456,,,,,,,,,,,,,,,,,,,,,,,,,,,,,
,,,,,,,,,,665.6656656656658,0.7427495386701677,0.2572504613298323,,,,,,,,,,,,,,,,,,,,,,,,,,,,,
,,,,,,,,,,666.6666666666667,0.7455805829653034,0.2544194170346966,,,,,,,,,,,,,,,,,,,,,,,,,,,,,
,,,,,,,,,,667.6676676676677,0.748403323135012,0.251596676864988,,,,,,,,,,,,,,,,,,,,,,,,,,,,,
,,,,,,,,,,668.6686686686687,0.7512175949510819,0.2487824050489181,,,,,,,,,,,,,,,,,,,,,,,,,,,,,
,,,,,,,,,,669.6696696696697,0.7540232346779934,0.24597676532200657,,,,,,,,,,,,,,,,,,,,,,,,,,,,,
,,,,,,,,,,670.6706706706707,0.7568200790824459,0.24317992091755417,,,,,,,,,,,,,,,,,,,,,,,,,,,,,
,,,,,,,,,,671.6716716716717,0.7596079654428537,0.24039203455714633,,,,,,,,,,,,,,,,,,,,,,,,,,,,,
,,,,,,,,,,672.6726726726728,0.7623867315588149,0.23761326844118513,,,,,,,,,,,,,,,,,,,,,,,,,,,,,
,,,,,,,,,,673.6736736736738,0.7651562157605457,0.23484378423945426,,,,,,,,,,,,,,,,,,,,,,,,,,,,,
,,,,,,,,,,674.6746746746747,0.7679162569182894,0.2320837430817106,,,,,,,,,,,,,,,,,,,,,,,,,,,,,
,,,,,,,,,,675.6756756756757,0.7706666944516891,0.22933330554831088,,,,,,,,,,,,,,,,,,,,,,,,,,,,,
,,,,,,,,,,676.6766766766767,0.7734073683391307,0.22659263166086932,,,,,,,,,,,,,,,,,,,,,,,,,,,,,
,,,,,,,,,,677.6776776776777,0.7761381191270531,0.22386188087294687,,,,,,,,,,,,,,,,,,,,,,,,,,,,,
,,,,,,,,,,678.6786786786787,0.7788587879392257,0.2211412120607743,,,,,,,,,,,,,,,,,,,,,,,,,,,,,
,,,,,,,,,,679.6796796796798,0.7815692164859911,0.21843078351400885,,,,,,,,,,,,,,,,,,,,,,,,,,,,,
,,,,,,,,,,680.6806806806808,0.7842692470734749,0.21573075292652508,,,,,,,,,,,,,,,,,,,,,,,,,,,,,
,,,,,,,,,,681.6816816816818,0.7869587226127603,0.2130412773872397,,,,,,,,,,,,,,,,,,,,,,,,,,,,,
,,,,,,,,,,682.6826826826828,0.7896374866290279,0.21036251337097214,,,,,,,,,,,,,,,,,,,,,,,,,,,,,
,,,,,,,,,,683.6836836836837,0.7923053832706591,0.2076946167293409,,,,,,,,,,,,,,,,,,,,,,,,,,,,,
,,,,,,,,,,684.6846846846847,0.7949622573183037,0.20503774268169625,,,,,,,,,,,,,,,,,,,,,,,,,,,,,
,,,,,,,,,,685.6856856856857,0.7976079541939108,0.20239204580608916,,,,,,,,,,,,,,,,,,,,,,,,,,,,,
,,,,,,,,,,686.6866866866867,0.8002423199697217,0.19975768003027822,,,,,,,,,,,,,,,,,,,,,,,,,,,,,
,,,,,,,,,,687.6876876876878,0.8028652013772268,0.1971347986227732,,,,,,,,,,,,,,,,,,,,,,,,,,,,,
,,,,,,,,,,688.6886886886888,0.8054764458160806,0.19452355418391945,,,,,,,,,,,,,,,,,,,,,,,,,,,,,
,,,,,,,,,,689.6896896896898,0.8080759013629817,0.19192409863701834,,,,,,,,,,,,,,,,,,,,,,,,,,,,,
,,,,,,,,,,690.6906906906908,0.8106634167805119,0.1893365832194881,,,,,,,,,,,,,,,,,,,,,,,,,,,,,
,,,,,,,,,,691.6916916916917,0.8132388415259346,0.1867611584740654,,,,,,,,,,,,,,,,,,,,,,,,,,,,,
,,,,,,,,,,692.6926926926927,0.8158020257599534,0.18419797424004658,,,,,,,,,,,,,,,,,,,,,,,,,,,,,
,,,,,,,,,,693.6936936936937,0.8183528203554302,0.18164717964456978,,,,,,,,,,,,,,,,,,,,,,,,,,,,,
,,,,,,,,,,694.6946946946947,0.8208910769060611,0.1791089230939389,,,,,,,,,,,,,,,,,,,,,,,,,,,,,
,,,,,,,,,,695.6956956956958,0.8234166477350113,0.17658335226498864,,,,,,,,,,,,,,,,,,,,,,,,,,,,,
,,,,,,,,,,696.6966966966968,0.8259293859035058,0.17407061409649413,,,,,,,,,,,,,,,,,,,,,,,,,,,,,
,,,,,,,,,,697.6976976976978,0.82842914521938,0.17157085478061992,,,,,,,,,,,,,,,,,,,,,,,,,,,,,
,,,,,,,,,,698.6986986986988,0.8309157802455842,0.16908421975441573,,,,,,,,,,,,,,,,,,,,,,,,,,,,,
,,,,,,,,,,699.6996996996997,0.8333891463086454,0.16661085369135462,,,,,,,,,,,,,,,,,,,,,,,,,,,,,
,,,,,,,,,,700.7007007007007,0.8358490995070842,0.16415090049291584,,,,,,,,,,,,,,,,,,,,,,,,,,,,,
,,,,,,,,,,701.7017017017017,0.8382954967197876,0.16170450328021238,,,,,,,,,,,,,,,,,,,,,,,,,,,,,
,,,,,,,,,,702.7027027027027,0.8407281956143355,0.15927180438566443,,,,,,,,,,,,,,,,,,,,,,,,,,,,,
,,,,,,,,,,703.7037037037038,0.8431470546552822,0.15685294534471786,,,,,,,,,,,,,,,,,,,,,,,,,,,,,
,,,,,,,,,,704.7047047047048,0.8455519331123891,0.15444806688761098,,,,,,,,,,,,,,,,,,,,,,,,,,,,,
,,,,,,,,,,705.7057057057058,0.8479426910688151,0.15205730893118488,,,,,,,,,,,,,,,,,,,,,,,,,,,,,
,,,,,,,,,,706.7067067067068,0.8503191894292557,0.14968081057074434,,,,,,,,,,,,,,,,,,,,,,,,,,,,,
,,,,,,,,,,707.7077077077078,0.8526812899280352,0.14731871007196484,,,,,,,,,,,,,,,,,,,,,,,,,,,,,
,,,,,,,,,,708.7087087087087,0.8550288551371519,0.14497114486284815,,,,,,,,,,,,,,,,,,,,,,,,,,,,,
,,,,,,,,,,709.7097097097097,0.8573617484742732,0.14263825152572684,,,,,,,,,,,,,,,,,,,,,,,,,,,,,
,,,,,,,,,,710.7107107107108,0.8596798342106826,0.14032016578931739,,,,,,,,,,,,,,,,,,,,,,,,,,,,,
,,,,,,,,,,711.7117117117118,0.8619829774791754,0.13801702252082457,,,,,,,,,,,,,,,,,,,,,,,,,,,,,
,,,,,,,,,,712.7127127127128,0.8642710442819062,0.13572895571809387,,,,,,,,,,,,,,,,,,,,,,,,,,,,,
,,,,,,,,,,713.7137137137138,0.8665439014981847,0.13345609850181528,,,,,,,,,,,,,,,,,,,,,,,,,,,,,
,,,,,,,,,,714.7147147147148,0.8688014168922211,0.13119858310777882,,,,,,,,,,,,,,,,,,,,,,,,,,,,,
,,,,,,,,,,715.7157157157158,0.8710434591208192,0.12895654087918082,,,,,,,,,,,,,,,,,,,,,,,,,,,,,
,,,,,,,,,,716.7167167167167,0.8732698977410176,0.1267301022589824,,,,,,,,,,,,,,,,,,,,,,,,,,,,,
,,,,,,,,,,717.7177177177177,0.8754806032176798,0.12451939678232012,,,,,,,,,,,,,,,,,,,,,,,,,,,,,
,,,,,,,,,,718.7187187187188,0.8776754469310306,0.12232455306896935,,,,,,,,,,,,,,,,,,,,,,,,,,,,,
,,,,,,,,,,719.7197197197198,0.8798543011841378,0.12014569881586223,,,,,,,,,,,,,,,,,,,,,,,,,,,,,
,,,,,,,,,,720.7207207207208,0.8820170392103435,0.11798296078965655,,,,,,,,,,,,,,,,,,,,,,,,,,,,,
,,,,,,,,,,721.7217217217218,0.8841635351806385,0.11583646481936151,,,,,,,,,,,,,,,,,,,,,,,,,,,,,
,,,,,,,,,,722.7227227227228,0.8862936642109833,0.11370633578901662,,,,,,,,,,,,,,,,,,,,,,,,,,,,,
,,,,,,,,,,723.7237237237238,0.888407302369574,0.11159269763042598,,,,,,,,,,,,,,,,,,,,,,,,,,,,,
,,,,,,,,,,724.7247247247248,0.8905043266840522,0.10949567331594776,,,,,,,,,,,,,,,,,,,,,,,,,,,,,
,,,,,,,,,,725.7257257257257,0.8925846151486603,0.10741538485133978,,,,,,,,,,,,,,,,,,,,,,,,,,,,,
,,,,,,,,,,726.7267267267268,0.8946480467313394,0.1053519532686607,,,,,,,,,,,,,,,,,,,,,,,,,,,,,
,,,,,,,,,,727.7277277277278,0.8966945013807704,0.10330549861922955,,,,,,,,,,,,,,,,,,,,,,,,,,,,,
,,,,,,,,,,728.7287287287288,0.8987238600333606,0.10127613996663944,,,,,,,,,,,,,,,,,,,,,,,,,,,,,
,,,,,,,,,,729.7297297297298,0.9007360046201687,0.09926399537983138,,,,,,,,,,,,,,,,,,,,,,,,,,,,,
,,,,,,,,,,730.7307307307308,0.9027308180737751,0.09726918192622487,,,,,,,,,,,,,,,,,,,,,,,,,,,,,
,,,,,,,,,,731.7317317317318,0.9047081843350933,0.09529181566490671,,,,,,,,,,,,,,,,,,,,,,,,,,,,,
,,,,,,,,,,732.7327327327328,0.9066679883601212,0.0933320116398788,,,,,,,,,,,,,,,,,,,,,,,,,,,,,
,,,,,,,,,,733.7337337337337,0.9086101161266354,0.09138988387336458,,,,,,,,,,,,,,,,,,,,,,,,,,,,,
,,,,,,,,,,734.7347347347348,0.9105344546408249,0.08946554535917507,,,,,,,,,,,,,,,,,,,,,,,,,,,,,
,,,,,,,,,,735.7357357357358,0.9124408919438637,0.08755910805613627,,,,,,,,,,,,,,,,,,,,,,,,,,,,,
,,,,,,,,,,736.7367367367368,0.914329317118427,0.08567068288157298,,,,,,,,,,,,,,,,,,,,,,,,,,,,,
,,,,,,,,,,737.7377377377378,0.9161996202951429,0.08380037970485708,,,,,,,,,,,,,,,,,,,,,,,,,,,,,
,,,,,,,,,,738.7387387387388,0.9180516926589849,0.08194830734101512,,,,,,,,,,,,,,,,,,,,,,,,,,,,,
,,,,,,,,,,739.7397397397398,0.9198854264556029,0.08011457354439715,,,,,,,,,,,,,,,,,,,,,,,,,,,,,
,,,,,,,,,,740.7407407407408,0.9217007149975922,0.07829928500240776,,,,,,,,,,,,,,,,,,,,,,,,,,,,,
,,,,,,,,,,741.7417417417419,0.9234974526707014,0.07650254732929865,,,,,,,,,,,,,,,,,,,,,,,,,,,,,
,,,,,,,,,,742.7427427427428,0.9252755349399754,0.07472446506002466,,,,,,,,,,,,,,,,,,,,,,,,,,,,,
,,,,,,,,,,743.7437437437438,0.9270348583558391,0.07296514164416089,,,,,,,,,,,,,,,,,,,,,,,,,,,,,
,,,,,,,,,,744.7447447447448,0.9287753205601154,0.0712246794398846,,,,,,,,,,,,,,,,,,,,,,,,,,,,,
,,,,,,,,,,745.7457457457458,0.9304968202919802,0.06950317970801977,,,,,,,,,,,,,,,,,,,,,,,,,,,,,
,,,,,,,,,,746.7467467467468,0.9321992573938541,0.0678007426061459,,,,,,,,,,,,,,,,,,,,,,,,,,,,,
,,,,,,,,,,747.7477477477478,0.9338825328172295,0.06611746718277045,,,,,,,,,,,,,,,,,,,,,,,,,,,,,
,,,,,,,,,,748.7487487487488,0.9355465486284336,0.06445345137156647,,,,,,,,,,,,,,,,,,,,,,,,,,,,,
,,,,,,,,,,749.7497497497499,0.9371912080143255,0.0628087919856745,,,,,,,,,,,,,,,,,,,,,,,,,,,,,
,,,,,,,,,,750.7507507507509,0.9388164152879295,0.06118358471207056,,,,,,,,,,,,,,,,,,,,,,,,,,,,,
,,,,,,,,,,751.7517517517518,0.9404220758940018,0.059577924105998166,,,,,,,,,,,,,,,,,,,,,,,,,,,,,
,,,,,,,,,,752.7527527527528,0.9420080964145324,0.05799190358546754,,,,,,,,,,,,,,,,,,,,,,,,,,,,,
,,,,,,,,,,753.7537537537538,0.9435743845741795,0.056425615425820516,,,,,,,,,,,,,,,,,,,,,,,,,,,,,
,,,,,,,,,,754.7547547547548,0.9451208492456381,0.05487915075436185,,,,,,,,,,,,,,,,,,,,,,,,,,,,,
,,,,,,,,,,755.7557557557558,0.9466474004549426,0.05335259954505743,,,,,,,,,,,,,,,,,,,,,,,,,,,,,
,,,,,,,,,,756.7567567567568,0.9481539493867005,0.051846050613299506,,,,,,,,,,,,,,,,,,,,,,,,,,,,,
,,,,,,,,,,757.7577577577579,0.9496404083892608,0.05035959161073921,,,,,,,,,,,,,,,,,,,,,,,,,,,,,
,,,,,,,,,,758.7587587587589,0.9511066909798125,0.04889330902018751,,,,,,,,,,,,,,,,,,,,,,,,,,,,,
,,,,,,,,,,759.7597597597598,0.9525527118494168,0.04744728815058321,,,,,,,,,,,,,,,,,,,,,,,,,,,,,
,,,,,,,,,,760.7607607607608,0.9539783868679707,0.04602161313202931,,,,,,,,,,,,,,,,,,,,,,,,,,,,,
,,,,,,,,,,761.7617617617618,0.9553836330891012,0.04461636691089881,,,,,,,,,,,,,,,,,,,,,,,,,,,,,
,,,,,,,,,,762.7627627627628,0.9567683687549914,0.04323163124500866,,,,,,,,,,,,,,,,,,,,,,,,,,,,,
,,,,,,,,,,763.7637637637638,0.9581325133011369,0.041867486698863074,,,,,,,,,,,,,,,,,,,,,,,,,,,,,
,,,,,,,,,,764.7647647647648,0.9594759873610338,0.04052401263896625,,,,,,,,,,,,,,,,,,,,,,,,,,,,,
,,,,,,,,,,765.7657657657659,0.9607987127707953,0.039201287229204636,,,,,,,,,,,,,,,,,,,,,,,,,,,,,
,,,,,,,,,,766.7667667667669,0.9621006125737,0.037899387426299926,,,,,,,,,,,,,,,,,,,,,,,,,,,,,
,,,,,,,,,,767.7677677677679,0.9633816110246692,0.036618388975330804,,,,,,,,,,,,,,,,,,,,,,,,,,,,,
,,,,,,,,,,768.7687687687688,0.9646416335946734,0.035358366405326615,,,,,,,,,,,,,,,,,,,,,,,,,,,,,
,,,,,,,,,,769.7697697697698,0.9658806069750688,0.03411939302493113,,,,,,,,,,,,,,,,,,,,,,,,,,,,,
,,,,,,,,,,770.7707707707708,0.9670984590818625,0.03290154091813742,,,,,,,,,,,,,,,,,,,,,,,,,,,,,
,,,,,,,,,,771.7717717717718,0.9682951190599061,0.031704880940093945,,,,,,,,,,,,,,,,,,,,,,,,,,,,,
,,,,,,,,,,772.7727727727729,0.9694705172870179,0.030529482712982052,,,,,,,,,,,,,,,,,,,,,,,,,,,,,
,,,,,,,,,,773.7737737737739,0.9706245853780341,0.029375414621965884,,,,,,,,,,,,,,,,,,,,,,,,,,,,,
,,,,,,,,,,774.7747747747749,0.9717572561887872,0.02824274381121286,,,,,,,,,,,,,,,,,,,,,,,,,,,,,
,,,,,,,,,,775.7757757757759,0.9728684638200122,0.027131536179987776,,,,,,,,,,,,,,,,,,,,,,,,,,,,,
,,,,,,,,,,776.7767767767768,0.9739581436211814,0.02604185637881858,,,,,,,,,,,,,,,,,,,,,,,,,,,,,
,,,,,,,,,,777.7777777777778,0.975026232194265,0.024973767805735035,,,,,,,,,,,,,,,,,,,,,,,,,,,,,
,,,,,,,,,,778.7787787787788,0.9760726673974198,0.02392733260258013,,,,,,,,,,,,,,,,,,,,,,,,,,,,,
,,,,,,,,,,779.7797797797798,0.9770973883486053,0.022902611651394685,,,,,,,,,,,,,,,,,,,,,,,,,,,,,
,,,,,,,,,,780.7807807807809,0.9781003354291249,0.021899664570875072,,,,,,,,,,,,,,,,,,,,,,,,,,,,,
,,,,,,,,,,781.7817817817819,0.979081450287095,0.020918549712904955,,,,,,,,,,,,,,,,,,,,,,,,,,,,,
,,,,,,,,,,782.7827827827829,0.98004067584084,0.01995932415916006,,,,,,,,,,,,,,,,,,,,,,,,,,,,,
,,,,,,,,,,783.7837837837839,0.9809779562822131,0.01902204371778697,,,,,,,,,,,,,,,,,,,,,,,,,,,,,
,,,,,,,,,,784.7847847847848,0.9818932370798436,0.01810676292015648,,,,,,,,,,,,,,,,,,,,,,,,,,,,,
,,,,,,,,,,785.7857857857858,0.9827864649823091,0.01721353501769087,,,,,,,,,,,,,,,,,,,,,,,,,,,,,
,,,,,,,,,,786.7867867867868,0.9836575880212343,0.01634241197876569,,,,,,,,,,,,,,,,,,,,,,,,,,,,,
,,,,,,,,,,787.7877877877878,0.9845065555143138,0.015493444485686195,,,,,,,,,,,,,,,,,,,,,,,,,,,,,
,,,,,,,,,,788.7887887887889,0.9853333180682614,0.014666681931738585,,,,,,,,,,,,,,,,,,,,,,,,,,,,,
,,,,,,,,,,789.7897897897899,0.9861378275816833,0.013862172418316623,,,,,,,,,,,,,,,,,,,,,,,,,,,,,
,,,,,,,,,,790.7907907907909,0.9869200372478775,0.013079962752122518,,,,,,,,,,,,,,,,,,,,,,,,,,,,,
,,,,,,,,,,791.7917917917919,0.9876799015575559,0.01232009844244407,,,,,,,,,,,,,,,,,,,,,,,,,,,,,
,,,,,,,,,,792.7927927927929,0.9884173763014932,0.01158262369850683,,,,,,,,,,,,,,,,,,,,,,,,,,,,,
,,,,,,,,,,793.7937937937938,0.989132418573098,0.010867581426901985,,,,,,,,,,,,,,,,,,,,,,,,,,,,,
,,,,,,,,,,794.7947947947948,0.98982498677091,0.010175013229090028,,,,,,,,,,,,,,,,,,,,,,,,,,,,,
,,,,,,,,,,795.7957957957958,0.9904950406010197,0.009504959398980382,,,,,,,,,,,,,,,,,,,,,,,,,,,,,
,,,,,,,,,,796.7967967967969,0.991142541079413,0.008857458920586992,,,,,,,,,,,,,,,,,,,,,,,,,,,,,
,,,,,,,,,,797.7977977977979,0.9917674505342394,0.008232549465760537,,,,,,,,,,,,,,,,,,,,,,,,,,,,,
,,,,,,,,,,798.7987987987989,0.9923697326080038,0.007630267391996199,,,,,,,,,,,,,,,,,,,,,,,,,,,,,
,,,,,,,,,,799.7997997997999,0.9929493522596813,0.007050647740318673,,,,,,,,,,,,,,,,,,,,,,,,,,,,,
,,,,,,,,,,800.8008008008009,0.9935062757667567,0.0064937242332434,,,,,,,,,,,,,,,,,,,,,,,,,,,,,
,,,,,,,,,,801.8018018018018,0.9940404707271855,0.005959529272814563,,,,,,,,,,,,,,,,,,,,,,,,,,,,,
,,,,,,,,,,802.8028028028028,0.9945519060612801,0.005448093938719936,,,,,,,,,,,,,,,,,,,,,,,,,,,,,
,,,,,,,,,,803.8038038038039,0.9950405520135174,0.004959447986482588,,,,,,,,,,,,,,,,,,,,,,,,,,,,,
,,,,,,,,,,804.8048048048049,0.9955063801542702,0.004493619845729869,,,,,,,,,,,,,,,,,,,,,,,,,,,,,
,,,,,,,,,,805.8058058058059,0.9959493633814608,0.0040506366185392405,,,,,,,,,,,,,,,,,,,,,,,,,,,,,
,,,,,,,,,,806.8068068068069,0.9963694759221386,0.003630524077861363,,,,,,,,,,,,,,,,,,,,,,,,,,,,,
,,,,,,,,,,807.8078078078079,0.9967666933339793,0.0032333066660207815,,,,,,,,,,,,,,,,,,,,,,,,,,,,,
,,,,,,,,,,808.8088088088089,0.9971409925067062,0.002859007493293804,,,,,,,,,,,,,,,,,,,,,,,,,,,,,
,,,,,,,,,,809.8098098098098,0.9974923516634361,0.0025076483365639307,,,,,,,,,,,,,,,,,,,,,,,,,,,,,
,,,,,,,,,,810.8108108108108,0.9978207503619452,0.002179249638054875,,,,,,,,,,,,,,,,,,,,,,,,,,,,,
,,,,,,,,,,811.8118118118119,0.9981261694958589,0.0018738305041411825,,,,,,,,,,,,,,,,,,,,,,,,,,,,,
,,,,,,,,,,812.8128128128129,0.9984085912957632,0.001591408704236762,,,,,,,,,,,,,,,,,,,,,,,,,,,,,
,,,,,,,,,,813.8138138138139,0.9986679993302392,0.0013320006697608363,,,,,,,,,,,,,,,,,,,,,,,,,,,,,
,,,,,,,,,,814.8148148148149,0.9989043785068179,0.0010956214931820976,,,,,,,,,,,,,,,,,,,,,,,,,,,,,
,,,,,,,,,,815.8158158158159,0.9991177150728594,0.0008822849271405887,,,,,,,,,,,,,,,,,,,,,,,,,,,,,
,,,,,,,,,,816.8168168168169,0.9993079966163524,0.0006920033836475682,,,,,,,,,,,,,,,,,,,,,,,,,,,,,
,,,,,,,,,,817.8178178178179,0.9994752120666366,0.0005247879333633717,,,,,,,,,,,,,,,,,,,,,,,,,,,,,
,,,,,,,,,,818.8188188188188,0.9996193516950467,0.00038064830495331876,,,,,,,,,,,,,,,,,,,,,,,,,,,,,
,,,,,,,,,,819.8198198198199,0.9997404071154783,0.0002595928845216806,,,,,,,,,,,,,,,,,,,,,,,,,,,,,
,,,,,,,,,,820.8208208208209,0.9998383712848762,0.00016162871512382821,,,,,,,,,,,,,,,,,,,,,,,,,,,,,
,,,,,,,,,,821.8218218218219,0.9999132385036437,8.676149635637848e-05,,,,,,,,,,,,,,,,,,,,,,,,,,,,,
,,,,,,,,,,822.8228228228229,0.9999650044159744,3.499558402564916e-05,,,,,,,,,,,,,,,,,,,,,,,,,,,,,
,,,,,,,,,,823.8238238238239,0.9999936660101058,6.333989894220531e-06,,,,,,,,,,,,,,,,,,,,,,,,,,,,,
,,,,,,,,,,824.8248248248249,0.9999992216184943,7.783815057098073e-07,,,,,,,,,,,,,,,,,,,,,,,,,,,,,
,,,,,,,,,,825.8258258258259,0.9999816709179122,1.832908208775274e-05,,,,,,,,,,,,,,,,,,,,,,,,,,,,,
,,,,,,,,,,826.8268268268268,0.9999410149294669,5.8985070533198116e-05,,,,,,,,,,,,,,,,,,,,,,,,,,,,,
,,,,,,,,,,827.827827827828,0.9998772560185405,0.0001227439814595337,,,,,,,,,,,,,,,,,,,,,,,,,,,,,
,,,,,,,,,,828.8288288288289,0.9997903978946535,0.0002096021053464404,,,,,,,,,,,,,,,,,,,,,,,,,,,,,
,,,,,,,,,,829.8298298298299,0.9996804456112482,0.000319554388751703,,,,,,,,,,,,,,,,,,,,,,,,,,,,,
,,,,,,,,,,830.8308308308309,0.9995474055653948,0.00045259443460516735,,,,,,,,,,,,,,,,,,,,,,,,,,,,,
,,,,,,,,,,831.8318318318319,0.9993912854974191,0.0006087145025809366,,,,,,,,,,,,,,,,,,,,,,,,,,,,,
,,,,,,,,,,832.8328328328329,0.9992120944904523,0.0007879055095477071,,,,,,,,,,,,,,,,,,,,,,,,,,,,,
,,,,,,,,,,833.8338338338339,0.9990098429699028,0.0009901570300972283,,,,,,,,,,,,,,,,,,,,,,,,,,,,,
,,,,,,,,,,834.834834834835,0.9987845427028491,0.0012154572971508854,,,,,,,,,,,,,,,,,,,,,,,,,,,,,
,,,,,,,,,,835.835835835836,0.9985362067973558,0.0014637932026442045,,,,,,,,,,,,,,,,,,,,,,,,,,,,,
,,,,,,,,,,836.8368368368369,0.9982648497017104,0.001735150298289645,,,,,,,,,,,,,,,,,,,,,,,,,,,,,
,,,,,,,,,,837.8378378378379,0.997970487203583,0.0020295127964171013,,,,,,,,,,,,,,,,,,,,,,,,,,,,,
,,,,,,,,,,838.8388388388389,0.9976531364291076,0.002346863570892463,,,,,,,,,,,,,,,,,,,,,,,,,,,,,
,,,,,,,,,,839.8398398398399,0.997312815841886,0.0026871841581140215,,,,,,,,,,,,,,,,,,,,,,,,,,,,,
,,,,,,,,,,840.8408408408409,0.9969495452419133,0.0030504547580866887,,,,,,,,,,,,,,,,,,,,,,,,,,,,,
,,,,,,,,,,841.8418418418419,0.9965633457644261,0.003436654235573969,,,,,,,,,,,,,,,,,,,,,,,,,,,,,
,,,,,,,,,,842.842842842843,0.9961542398786724,0.0038457601213276646,,,,,,,,,,,,,,,,,,,,,,,,,,,,,
,,,,,,,,,,843.843843843844,0.9957222513866051,0.004277748613394957,,,,,,,,,,,,,,,,,,,,,,,,,,,,,
,,,,,,,,,,844.8448448448449,0.9952674054214965,0.004732594578503494,,,,,,,,,,,,,,,,,,,,,,,,,,,,,
,,,,,,,,,,845.8458458458459,0.9947897284464765,0.00521027155352347,,,,,,,,,,,,,,,,,,,,,,,,,,,,,
,,,,,,,,,,846.8468468468469,0.9942892482529927,0.005710751747007308,,,,,,,,,,,,,,,,,,,,,,,,,,,,,
,,,,,,,,,,847.8478478478479,0.9937659939591934,0.0062340060408065745,,,,,,,,,,,,,,,,,,,,,,,,,,,,,
,,,,,,,,,,848.8488488488489,0.9932199960082339,0.006780003991766096,,,,,,,,,,,,,,,,,,,,,,,,,,,,,
,,,,,,,,,,849.8498498498499,0.9926512861665049,0.007348713833495139,,,,,,,,,,,,,,,,,,,,,,,,,,,,,
,,,,,,,,,,850.850850850851,0.9920598975217844,0.007940102478215675,,,,,,,,,,,,,,,,,,,,,,,,,,,,,
,,,,,,,,,,851.851851851852,0.9914458644813128,0.008554135518687228,,,,,,,,,,,,,,,,,,,,,,,,,,,,,
,,,,,,,,,,852.852852852853,0.9908092227697912,0.009190777230208832,,,,,,,,,,,,,,,,,,,,,,,,,,,,,
,,,,,,,,,,853.8538538538539,0.9901500094273024,0.009849990572697668,,,,,,,,,,,,,,,,,,,,,,,,,,,,,
,,,,,,,,,,854.8548548548549,0.9894682628071562,0.01053173719284384,,,,,,,,,,,,,,,,,,,,,,,,,,,,,
,,,,,,,,,,855.8558558558559,0.9887640225736581,0.011235977426341878,,,,,,,,,,,,,,,,,,,,,,,,,,,,,
,,,,,,,,,,856.8568568568569,0.9880373296998016,0.011962670300198413,,,,,,,,,,,,,,,,,,,,,,,,,,,,,
,,,,,,,,,,857.8578578578579,0.987288226464884,0.012711773535115996,,,,,,,,,,,,,,,,,,,,,,,,,,,,,
,,,,,,,,,,858.858858858859,0.986516756452047,0.013483243547953038,,,,,,,,,,,,,,,,,,,,,,,,,,,,,
,,,,,,,,,,859.85985985986,0.9857229645457409,0.014277035454259108,,,,,,,,,,,,,,,,,,,,,,,,,,,,,
,,,,,,,,,,860.860860860861,0.9849068969291132,0.015093103070886885,,,,,,,,,,,,,,,,,,,,,,,,,,,,,
,,,,,,,,,,861.8618618618619,0.9840686010813212,0.01593139891867876,,,,,,,,,,,,,,,,,,,,,,,,,,,,,
,,,,,,,,,,862.8628628628629,0.9832081257747708,0.016791874225229254,,,,,,,,,,,,,,,,,,,,,,,,,,,,,
,,,,,,,,,,863.8638638638639,0.9823255210722773,0.017674478927722653,,,,,,,,,,,,,,,,,,,,,,,,,,,,,
,,,,,,,,,,864.8648648648649,0.9814208383241543,0.018579161675845668,,,,,,,,,,,,,,,,,,,,,,,,,,,,,
,,,,,,,,,,865.865865865866,0.9804941301652249,0.019505869834775116,,,,,,,,,,,,,,,,,,,,,,,,,,,,,
,,,,,,,,,,866.866866866867,0.9795454505117602,0.02045454948823982,,,,,,,,,,,,,,,,,,,,,,,,,,,,,
,,,,,,,,,,867.867867867868,0.9785748545583419,0.021425145441658112,,,,,,,,,,,,,,,,,,,,,,,,,,,,,
,,,,,,,,,,868.868868868869,0.9775823987746514,0.022417601225348666,,,,,,,,,,,,,,,,,,,,,,,,,,,,,
,,,,,,,,,,869.86986986987,0.976568140902184,0.023431859097816022,,,,,,,,,,,,,,,,,,,,,,,,,,,,,
,,,,,,,,,,870.8708708708709,0.9755321399508899,0.024467860049110016,,,,,,,,,,,,,,,,,,,,,,,,,,,,,
,,,,,,,,,,871.8718718718719,0.974474456195741,0.025525543804258987,,,,,,,,,,,,,,,,,,,,,,,,,,,,,
,,,,,,,,,,872.8728728728729,0.9733951511732234,0.026604848826776627,,,,,,,,,,,,,,,,,,,,,,,,,,,,,
,,,,,,,,,,873.873873873874,0.9722942876777577,0.027705712322242313,,,,,,,,,,,,,,,,,,,,,,,,,,,,,
,,,,,,,,,,874.874874874875,0.9711719297580459,0.028828070241954145,,,,,,,,,,,,,,,,,,,,,,,,,,,,,
,,,,,,,,,,875.875875875876,0.9700281427133445,0.029971857286655527,,,,,,,,,,,,,,,,,,,,,,,,,,,,,
,,,,,,,,,,876.876876876877,0.9688629930896654,0.031137006910334636,,,,,,,,,,,,,,,,,,,,,,,,,,,,,
,,,,,,,,,,877.877877877878,0.9676765486759044,0.03232345132409568,,,,,,,,,,,,,,,,,,,,,,,,,,,,,
,,,,,,,,,,878.8788788788789,0.966468878499897,0.03353112150010299,,,,,,,,,,,,,,,,,,,,,,,,,,,,,
,,,,,,,,,,879.8798798798799,0.9652400528244028,0.034759947175597126,,,,,,,,,,,,,,,,,,,,,,,,,,,,,
,,,,,,,,,,880.8808808808809,0.9639901431430172,0.03600985685698279,,,,,,,,,,,,,,,,,,,,,,,,,,,,,
,,,,,,,,,,881.881881881882,0.9627192221760116,0.037280777823988455,,,,,,,,,,,,,,,,,,,,,,,,,,,,,
,,,,,,,,,,882.882882882883,0.9614273638661033,0.03857263613389675,,,,,,,,,,,,,,,,,,,,,,,,,,,,,
,,,,,,,,,,883.883883883884,0.9601146433741528,0.03988535662584726,,,,,,,,,,,,,,,,,,,,,,,,,,,,,
,,,,,,,,,,884.884884884885,0.9587811370747911,0.04121886292520896,,,,,,,,,,,,,,,,,,,,,,,,,,,,,
,,,,,,,,,,885.885885885886,0.9574269225519763,0.04257307744802373,,,,,,,,,,,,,,,,,,,,,,,,,,,,,
,,,,,,,,,,886.8868868868869,0.9560520785944797,0.043947921405520306,,,,,,,,,,,,,,,,,,,,,,,,,,,,,
,,,,,,,,,,887.8878878878879,0.9546566851913018,0.04534331480869826,,,,,,,,,,,,,,,,,,,,,,,,,,,,,
,,,,,,,,,,888.8888888888889,0.9532408235270183,0.046759176472981716,,,,,,,,,,,,,,,,,,,,,,,,,,,,,
,,,,,,,,,,889.88988988989,0.951804575977057,0.04819542402294294,,,,,,,,,,,,,,,,,,,,,,,,,,,,,
,,,,,,,,,,890.890890890891,0.9503480261029057,0.049651973897094276,,,,,,,,,,,,,,,,,,,,,,,,,,,,,
,,,,,,,,,,891.891891891892,0.9488712586472492,0.051128741352750806,,,,,,,,,,,,,,,,,,,,,,,,,,,,,
,,,,,,,,,,892.892892892893,0.94737435952904,0.05262564047096,,,,,,,,,,,,,,,,,,,,,,,,,,,,,
,,,,,,,,,,893.893893893894,0.9458574158384992,0.054142584161500765,,,,,,,,,,,,,,,,,,,,,,,,,,,,,
,,,,,,,,,,894.894894894895,0.9443205158320497,0.05567948416795035,,,,,,,,,,,,,,,,,,,,,,,,,,,,,
,,,,,,,,,,895.8958958958959,0.9427637489271808,0.057236251072819114,,,,,,,,,,,,,,,,,,,,,,,,,,,,,
,,,,,,,,,,896.896896896897,0.9411872056972469,0.05881279430275306,,,,,,,,,,,,,,,,,,,,,,,,,,,,,
,,,,,,,,,,897.897897897898,0.939590977866197,0.060409022133803,,,,,,,,,,,,,,,,,,,,,,,,,,,,,
,,,,,,,,,,898.898898898899,0.9379751583032387,0.06202484169676127,,,,,,,,,,,,,,,,,,,,,,,,,,,,,
,,,,,,,,,,899.8998998999,0.9363398410174346,0.06366015898256537,,,,,,,,,,,,,,,,,,,,,,,,,,,,,
,,,,,,,,,,900.900900900901,0.9346851211522331,0.06531487884776692,,,,,,,,,,,,,,,,,,,,,,,,,,,,,
,,,,,,,,,,901.901901901902,0.9330110949799327,0.06698890502006731,,,,,,,,,,,,,,,,,,,,,,,,,,,,,
,,,,,,,,,,902.902902902903,0.9313178598960812,0.0686821401039188,,,,,,,,,,,,,,,,,,,,,,,,,,,,,
,,,,,,,,,,903.9039039039039,0.9296055144138089,0.07039448558619113,,,,,,,,,,,,,,,,,,,,,,,,,,,,,
,,,,,,,,,,904.904904904905,0.9278741581580968,0.0721258418419032,,,,,,,,,,,,,,,,,,,,,,,,,,,,,
,,,,,,,,,,905.905905905906,0.9261238918599815,0.07387610814001849,,,,,,,,,,,,,,,,,,,,,,,,,,,,,
,,,,,,,,,,906.906906906907,0.9243548173506931,0.07564518264930689,,,,,,,,,,,,,,,,,,,,,,,,,,,,,
,,,,,,,,,,907.907907907908,0.9225670375557316,0.0774329624442684,,,,,,,,,,,,,,,,,,,,,,,,,,,,,
,,,,,,,,,,908.908908908909,0.9207606564888784,0.07923934351112162,,,,,,,,,,,,,,,,,,,,,,,,,,,,,
,,,,,,,,,,909.90990990991,0.9189357792461447,0.08106422075385536,,,,,,,,,,,,,,,,,,,,,,,,,,,,,
,,,,,,,,,,910.910910910911,0.9170925119996569,0.08290748800034309,,,,,,,,,,,,,,,,,,,,,,,,,,,,,
,,,,,,,,,,911.911911911912,0.9152309619914799,0.0847690380085201,,,,,,,,,,,,,,,,,,,,,,,,,,,,,
,,,,,,,,,,912.912912912913,0.9133512375273768,0.08664876247262324,,,,,,,,,,,,,,,,,,,,,,,,,,,,,
,,,,,,,,,,913.913913913914,0.911453447970509,0.08854655202949104,,,,,,,,,,,,,,,,,,,,,,,,,,,,,
,,,,,,,,,,914.914914914915,0.9095377037350719,0.09046229626492809,,,,,,,,,,,,,,,,,,,,,,,,,,,,,
,,,,,,,,,,915.915915915916,0.907604116279872,0.09239588372012797,,,,,,,,,,,,,,,,,,,,,,,,,,,,,
,,,,,,,,,,916.916916916917,0.9056527981018418,0.09434720189815818,,,,,,,,,,,,,,,,,,,,,,,,,,,,,
,,,,,,,,,,917.917917917918,0.9036838627294946,0.09631613727050538,,,,,,,,,,,,,,,,,,,,,,,,,,,,,
,,,,,,,,,,918.918918918919,0.9016974247163196,0.09830257528368042,,,,,,,,,,,,,,,,,,,,,,,,,,,,,
,,,,,,,,,,919.91991991992,0.899693599634117,0.10030640036588305,,,,,,,,,,,,,,,,,,,,,,,,,,,,,
,,,,,,,,,,920.920920920921,0.8976725040662734,0.10232749593372661,,,,,,,,,,,,,,,,,,,,,,,,,,,,,
,,,,,,,,,,921.921921921922,0.8956342556009811,0.10436574439901886,,,,,,,,,,,,,,,,,,,,,,,,,,,,,
,,,,,,,,,,922.922922922923,0.8935789728243939,0.10642102717560613,,,,,,,,,,,,,,,,,,,,,,,,,,,,,
,,,,,,,,,,923.923923923924,0.8915067753137291,0.10849322468627089,,,,,,,,,,,,,,,,,,,,,,,,,,,,,
,,,,,,,,,,924.924924924925,0.8894177836303107,0.11058221636968937,,,,,,,,,,,,,,,,,,,,,,,,,,,,,
,,,,,,,,,,925.925925925926,0.8873121193125544,0.11268788068744558,,,,,,,,,,,,,,,,,,,,,,,,,,,,,
,,,,,,,,,,926.926926926927,0.8851899048688973,0.11481009513110273,,,,,,,,,,,,,,,,,,,,,,,,,,,,,
,,,,,,,,,,927.927927927928,0.8830512637706692,0.11694873622933079,,,,,,,,,,,,,,,,,,,,,,,,,,,,,
,,,,,,,,,,928.928928928929,0.8808963204449098,0.11910367955509017,,,,,,,,,,,,,,,,,,,,,,,,,,,,,
,,,,,,,,,,929.92992992993,0.8787252002671299,0.12127479973287017,,,,,,,,,,,,,,,,,,,,,,,,,,,,,
,,,,,,,,,,930.930930930931,0.8765380295540153,0.12346197044598475,,,,,,,,,,,,,,,,,,,,,,,,,,,,,
,,,,,,,,,,931.931931931932,0.8743349355560793,0.1256650644439207,,,,,,,,,,,,,,,,,,,,,,,,,,,,,
,,,,,,,,,,932.932932932933,0.8721160464502586,0.12788395354974139,,,,,,,,,,,,,,,,,,,,,,,,,,,,,
,,,,,,,,,,933.933933933934,0.8698814913324557,0.1301185086675442,,,,,,,,,,,,,,,,,,,,,,,,,,,,,
,,,,,,,,,,934.934934934935,0.8676314002100287,0.13236859978997134,,,,,,,,,,,,,,,,,,,,,,,,,,,,,
,,,,,,,,,,935.9359359359361,0.8653659039942262,0.13463409600577383,,,,,,,,,,,,,,,,,,,,,,,,,,,,,
,,,,,,,,,,936.9369369369371,0.8630851344925726,0.13691486550742735,,,,,,,,,,,,,,,,,,,,,,,,,,,,,
,,,,,,,,,,937.937937937938,0.8607892244011981,0.13921077559880193,,,,,,,,,,,,,,,,,,,,,,,,,,,,,
,,,,,,,,,,938.938938938939,0.8584783072971184,0.14152169270288162,,,,,,,,,,,,,,,,,,,,,,,,,,,,,
,,,,,,,,,,939.93993993994,0.856152517630464,0.14384748236953604,,,,,,,,,,,,,,,,,,,,,,,,,,,,,
,,,,,,,,,,940.940940940941,0.853811990716657,0.1461880092833429,,,,,,,,,,,,,,,,,,,,,,,,,,,,,
,,,,,,,,,,941.941941941942,0.8514568627285394,0.1485431372714606,,,,,,,,,,,,,,,,,,,,,,,,,,,,,
,,,,,,,,,,942.942942942943,0.8490872706884489,0.15091272931155103,,,,,,,,,,,,,,,,,,,,,,,,,,,,,
,,,,,,,,,,943.9439439439441,0.8467033524602484,0.15329664753975158,,,,,,,,,,,,,,,,,,,,,,,,,,,,,
,,,,,,,,,,944.9449449449451,0.8443052467413045,0.15569475325869556,,,,,,,,,,,,,,,,,,,,,,,,,,,,,
,,,,,,,,,,945.945945945946,0.8418930930544181,0.15810690694558194,,,,,,,,,,,,,,,,,,,,,,,,,,,,,
,,,,,,,,,,946.946946946947,0.8394670317397064,0.16053296826029362,,,,,,,,,,,,,,,,,,,,,,,,,,,,,
,,,,,,,,,,947.947947947948,0.8370272039464384,0.16297279605356166,,,,,,,,,,,,,,,,,,,,,,,,,,,,,
,,,,,,,,,,948.948948948949,0.8345737516248225,0.1654262483751775,,,,,,,,,,,,,,,,,,,,,,,,,,,,,
,,,,,,,,,,949.94994994995,0.8321068175177482,0.1678931824822518,,,,,,,,,,,,,,,,,,,,,,,,,,,,,
,,,,,,,,,,950.950950950951,0.8296265451524807,0.1703734548475193,,,,,,,,,,,,,,,,,,,,,,,,,,,,,
,,,,,,,,,,951.9519519519521,0.8271330788323106,0.17286692116768948,,,,,,,,,,,,,,,,,,,,,,,,,,,,,
,,,,,,,,,,952.9529529529531,0.8246265636281588,0.17537343637184122,,,,,,,,,,,,,,,,,,,,,,,,,,,,,
,,,,,,,,,,953.953953953954,0.8221071453701354,0.17789285462986462,,,,,,,,,,,,,,,,,,,,,,,,,,,,,
,,,,,,,,,,954.954954954955,0.8195749706390557,0.1804250293609443,,,,,,,,,,,,,,,,,,,,,,,,,,,,,
,,,,,,,,,,955.955955955956,0.817030186757912,0.18296981324208808,,,,,,,,,,,,,,,,,,,,,,,,,,,,,
,,,,,,,,,,956.956956956957,0.8144729417833019,0.18552705821669807,,,,,,,,,,,,,,,,,,,,,,,,,,,,,
,,,,,,,,,,957.957957957958,0.8119033844968154,0.18809661550318454,,,,,,,,,,,,,,,,,,,,,,,,,,,,,
,,,,,,,,,,958.958958958959,0.8093216643963774,0.19067833560362255,,,,,,,,,,,,,,,,,,,,,,,,,,,,,
,,,,,,,,,,959.9599599599601,0.8067279316875504,0.1932720683124496,,,,,,,,,,,,,,,,,,,,,,,,,,,,,
,,,,,,,,,,960.9609609609611,0.8041223372747962,0.1958776627252038,,,,,,,,,,,,,,,,,,,,,,,,,,,,,
,,,,,,,,,,961.9619619619621,0.8015050327526948,0.19849496724730517,,,,,,,,,,,,,,,,,,,,,,,,,,,,,
,,,,,,,,,,962.962962962963,0.7988761703971257,0.20112382960287434,,,,,,,,,,,,,,,,,,,,,,,,,,,,,
,,,,,,,,,,963.963963963964,0.7962359031564076,0.20376409684359242,,,,,,,,,,,,,,,,,,,,,,,,,,,,,
,,,,,,,,,,964.964964964965,0.7935843846424007,0.2064156153575993,,,,,,,,,,,,,,,,,,,,,,,,,,,,,
,,,,,,,,,,965.965965965966,0.7909217691215688,0.20907823087843122,,,,,,,,,,,,,,,,,,,,,,,,,,,,,
,,,,,,,,,,966.9669669669671,0.7882482115060039,0.2117517884939961,,,,,,,,,,,,,,,,,,,,,,,,,,,,,
,,,,,,,,,,967.9679679679681,0.7855638673444143,0.21443613265558567,,,,,,,,,,,,,,,,,,,,,,,,,,,,,
,,,,,,,,,,968.9689689689691,0.7828688928130743,0.21713110718692574,,,,,,,,,,,,,,,,,,,,,,,,,,,,,
,,,,,,,,,,969.9699699699701,0.7801634447067365,0.21983655529326346,,,,,,,,,,,,,,,,,,,,,,,,,,,,,
,,,,,,,,,,970.970970970971,0.7774476804295114,0.22255231957048865,,,,,,,,,,,,,,,,,,,,,,,,,,,,,
,,,,,,,,,,971.971971971972,0.7747217579857082,0.22527824201429186,,,,,,,,,,,,,,,,,,,,,,,,,,,,,
,,,,,,,,,,972.972972972973,0.7719858359706426,0.22801416402935737,,,,,,,,,,,,,,,,,,,,,,,,,,,,,
,,,,,,,,,,973.973973973974,0.7692400735614099,0.2307599264385901,,,,,,,,,,,,,,,,,,,,,,,,,,,,,
,,,,,,,,,,974.9749749749751,0.7664846305076229,0.233515369492377,,,,,,,,,,,,,,,,,,,,,,,,,,,,,
,,,,,,,,,,975.9759759759761,0.7637196671221198,0.23628033287788017,,,,,,,,,,,,,,,,,,,,,,,,,,,,,
,,,,,,,,,,976.9769769769771,0.7609453442716343,0.23905465572836576,,,,,,,,,,,,,,,,,,,,,,,,,,,,,
,,,,,,,,,,977.9779779779781,0.7581618233674381,0.24183817663256185,,,,,,,,,,,,,,,,,,,,,,,,,,,,,
,,,,,,,,,,978.9789789789791,0.7553692663559499,0.24463073364405008,,,,,,,,,,,,,,,,,,,,,,,,,,,,,
,,,,,,,,,,979.97997997998,0.7525678357093127,0.24743216429068726,,,,,,,,,,,,,,,,,,,,,,,,,,,,,
,,,,,,,,,,980.980980980981,0.7497576944159412,0.2502423055840588,,,,,,,,,,,,,,,,,,,,,,,,,,,,,
,,,,,,,,,,981.981981981982,0.7469390059710393,0.25306099402896065,,,,,,,,,,,,,,,,,,,,,,,,,,,,,
,,,,,,,,,,982.9829829829831,0.7441119343670877,0.25588806563291233,,,,,,,,,,,,,,,,,,,,,,,,,,,,,
,,,,,,,,,,983.9839839839841,0.7412766440843033,0.25872335591569673,,,,,,,,,,,,,,,,,,,,,,,,,,,,,
,,,,,,,,,,984.9849849849851,0.7384333000810686,0.2615666999189315,,,,,,,,,,,,,,,,,,,,,,,,,,,,,
,,,,,,,,,,985.9859859859861,0.7355820677843352,0.26441793221566484,,,,,,,,,,,,,,,,,,,,,,,,,,,,,
,,,,,,,,,,986.9869869869871,0.7327231130799989,0.2672768869200011,,,,,,,,,,,,,,,,,,,,,,,,,,,,,
,,,,,,,,,,987.987987987988,0.7298566023032482,0.2701433976967518,,,,,,,,,,,,,,,,,,,,,,,,,,,,,
,,,,,,,,,,988.988988988989,0.7269827022288877,0.2730172977711123,,,,,,,,,,,,,,,,,,,,,,,,,,,,,
,,,,,,,,,,989.98998998999,0.7241015800616337,0.2758984199383662,,,,,,,,,,,,,,,,,,,,,,,,,,,,,
,,,,,,,,,,990.9909909909911,0.721213403426387,0.27878659657361304,,,,,,,,,,,,,,,,,,,,,,,,,,,,,
,,,,,,,,,,991.9919919919921,0.7183183403584814,0.28168165964151864,,,,,,,,,,,,,,,,,,,,,,,,,,,,,
,,,,,,,,,,992.9929929929931,0.715416559293905,0.284583440706095,,,,,,,,,,,,,,,,,,,,,,,,,,,,,
,,,,,,,,,,993.9939939939941,0.7125082290595024,0.28749177094049766,,,,,,,,,,,,,,,,,,,,,,,,,,,,,
,,,,,,,,,,994.9949949949951,0.709593518863151,0.2904064811368489,,,,,,,,,,,,,,,,,,,,,,,,,,,,,
,,,,,,,,,,995.995995995996,0.7066725982839182,0.2933274017160819,,,,,,,,,,,,,,,,,,,,,,,,,,,,,
,,,,,,,,,,996.996996996997,0.7037456372621927,0.29625436273780725,,,,,,,,,,,,,,,,,,,,,,,,,,,,,
,,,,,,,,,,997.9979979979981,0.7008128060897996,0.29918719391020043,,,,,,,,,,,,,,,,,,,,,,,,,,,,,
,,,,,,,,,,998.9989989989991,0.697874275400092,0.302125724599908,,,,,,,,,,,,,,,,,,,,,,,,,,,,,
,,,,,,,,,,1000.0,0.6949302161580232,0.3050697838419768,,,,,,,,,,,,,,,,,,,,,,,,,,,,,
